customer_id,name,phone,age,sex,area,dong,occupation,grade,joined_at
C83AAB126,박우준,010-6929-1600,54,여자,경남,김해시 장유동,무직,우수,2024-10-06
CC3F19780,강윤빈,010-8964-1712,50,남자,경남,진주시 충무공동,음식 서비스 종사원,일반,2026-03-25
CDDD75CA8,이진서,010-2952-5641,41,여자,서울,용산구 이태원동,마케팅 전문가,우수,2026-04-10
C900A25C2,이승호,010-9413-4474,35,여자,서울,용산구 이태원동,방송장비 설치 및 수리원,우수,2025-07-14
CB5A8A574,정하아,010-3692-8995,25,여자,경남,진주시 충무공동,무직,일반,2024-10-08
C0A0D9ECC,김현경,010-4144-9082,82,남자,충북,청주시 흥덕구,무직,일반,2025-01-18
C225788E5,최주숙,010-7252-9632,27,남자,대구,수성구 범어동,자재 관리 사무원,일반,2024-08-04
C5E0BECCB,김지율,010-9997-4958,36,여자,광주,북구 운암동,일반 비서,일반,2024-01-04
C7BDD11AE,강유연,010-6075-4692,32,남자,경남,양산시 물금읍,경영 컨설턴트,일반,2026-01-12
C40598D1C,송민빈,010-4652-4121,24,남자,서울,은평구 응암동,병무행정 사무원,일반,2025-10-24
CB9D7B659,이우원,010-8991-8290,25,여자,부산,동래구 온천동,무직,일반,2025-09-24
CF927CDE3,이규철,010-2922-5949,33,남자,인천,부평구 부평동,마케팅 전문가,일반,2025-02-23
CA25C893F,조승숙,010-3792-3962,45,남자,서울,마포구 서교동,교육 및 훈련 사무원,일반,2024-08-02
C64477C18,허서준,010-7553-2023,36,남자,전남,목포시 하당,사무 보조원,일반,2024-12-23
C7BF9EFAD,윤하숙,010-9629-2368,44,남자,부산,동래구 온천동,가스 생산기 조작원,일반,2025-10-21
C587A10F8,신정서,010-2281-5092,41,남자,서울,노원구 상계동,생산관리 사무원,우수,2024-06-24
CFEA5600F,박아서,010-7446-8416,36,남자,대전,중구 은행동,일반 비서,일반,2025-01-12
CD1620E89,유나희,010-9132-3678,43,남자,서울,용산구 원효로1가,금속공학 기술자 및 연구원,VIP,2024-05-25
CACF601DA,이윤연,010-2063-4390,36,여자,광주,북구 운암동,공공행정 사무원,일반,2026-04-28
CA22D79E7,이은연,010-9716-1381,36,여자,서울,용산구 청파동,행사 및 홍보 도우미,우수,2024-10-11
CE224381A,송수준,010-6383-8585,24,남자,경남,창원시 성산구,생산관리 사무원,일반,2024-12-21
C2ED2A7C1,이지경,010-9666-7352,37,남자,충남,서산시 동문동,무직,일반,2024-07-21
C923AB70A,김은자,010-5010-9055,60,남자,경기,고양시 일산동구,무직,우수,2024-06-23
CF5A74490,김채식,010-8107-9081,23,남자,충남,아산시 배방읍,도로운송 사무원,일반,2024-06-30
C7FE87FAE,조재경,010-4037-3765,28,여자,경남,진주시 충무공동,무직,우수,2025-07-28
C69D027A3,이도희,010-8421-8656,55,남자,경남,거제시 장승포동,사무 보조원,일반,2026-04-28
CBA9A739D,이도율,010-7286-1983,35,여자,울산,동구 방어동,전화 상담원,일반,2025-11-17
C6EE044F5,장서서,010-9654-3757,36,여자,대전,유성구 노은동,조세행정 사무원,우수,2024-05-18
CB58EEFCD,조영빈,010-6615-4748,20,여자,경남,거제시 고현동,무직,일반,2025-12-21
C308429AB,서하아,010-2898-9623,22,남자,대전,동구 가양동,"전직 철도교통 관제사, 현재 구직중",일반,2026-03-26
C2CF0FDCA,김수빈,010-3080-1212,38,남자,울산,남구 옥동,일반 비서,우수,2025-04-25
C69E8E5EA,권서경,010-9459-3948,34,여자,대구,수성구 범어동,관리 비서,일반,2024-07-08
C84646D56,최예식,010-6026-2157,27,남자,서울,용산구 이태원동,경리 사무원,VIP,2024-08-31
C7BBB0816,최채우,010-4630-2129,23,남자,경기,화성시 동탄,마케팅 관리자,일반,2025-12-16
C35FC75A0,김규빈,010-8377-2645,38,여자,경남,거제시 옥포동,무직,일반,2025-05-20
CF8EA6E31,이태자,010-8964-9980,25,남자,부산,부산진구 부전동,영업 관련 관리자,일반,2025-02-14
C9F9FF1E5,강시준,010-2682-3580,55,남자,제주,제주시 노형동,사무 보조원,VIP,2025-10-08
C77A988E4,김준란,010-2662-7894,45,여자,경남,김해시 장유동,음료 서비스 종사원,일반,2025-07-19
C3658182F,양지숙,010-2937-9602,38,남자,울산,중구 성남동,관리 비서,우수,2026-02-20
CE4906BBC,강규원,010-8541-4750,22,남자,충북,제천시 하소동,생산관리 사무원,일반,2025-04-22
CB6CD848C,이윤진,010-9929-1677,41,여자,대전,중구 은행동,사무 보조원,일반,2024-09-10
CD30D3EB8,김나우,010-9658-6222,69,여자,경남,진주시 평거동,사무 보조원,우수,2025-11-08
C080A859D,전영경,010-6765-1664,30,남자,대구,달서구 상인동,자재 관리 사무원,일반,2025-10-04
CC85ECD16,정연우,010-6727-6441,38,여자,경남,거제시 고현동,무직,일반,2024-02-29
C7B3C088A,김연숙,010-3628-6420,69,남자,서울,노원구 상계동,무직,일반,2026-02-26
C2D8B63F9,이현식,010-3578-5352,59,여자,충남,서산시 동문동,경리 사무원,일반,2025-07-28
C0CC496E5,최호식,010-2710-8080,38,여자,대전,유성구 봉명동,생산관리 사무원,일반,2025-04-29
C2B4704B6,김우철,010-7147-9670,25,여자,광주,서구 치평동,사무 보조원,우수,2025-03-01
CB278F99A,최승희,010-3452-6915,50,남자,광주,광산구 수완동,마케팅 전문가,일반,2024-04-10
C0DDDAC9D,송성서,010-8258-2077,32,남자,경남,진주시 충무공동,영업 관련 관리자,우수,2025-12-03
C6ACBFBD3,이현란,010-2999-1983,58,여자,경남,김해시 장유동,자동차공학 기술자 및 연구원,우수,2024-03-11
C94D694CD,김채우,010-6588-1988,48,남자,울산,울주군 범서읍,사무 보조원,우수,2025-04-29
C5BB22DCC,김유호,,32,남자,서울,송파구 잠실동,도로운송 사무원,일반,2025-05-03
C3D61795D,유지준,010-7970-9377,31,여자,서울,마포구 서교동,회계 사무원,우수,2025-06-19
C8484CE16,김준란,010-2718-4712,25,남자,대구,수성구 범어동,무직,우수,2025-04-04
C51027BEA,김아원,010-7898-2559,47,여자,경기,화성시 동탄,사무 보조원,VIP,2025-01-03
CF5236823,임진현,010-3765-4959,33,남자,서울,용산구 이태원동,식품 영업원,일반,2026-01-05
C7DE21551,정현아,010-6344-1592,20,남자,경기,용인시 기흥구,철도운송 사무원,일반,2025-05-18
CDE8C0221,이아미,010-2659-9602,26,여자,서울,노원구 상계동,일반 비서,일반,2026-04-14
C4645C71D,최주우,010-5567-5803,23,남자,경기,수원시 영통구,무직,일반,2025-03-27
CA0EE4DBF,이진영,010-9665-3764,38,여자,대전,유성구 노은동,관리 비서,일반,2025-05-14
CE5C28F9B,이주진,010-8428-9705,62,남자,경남,김해시 장유동,교육 및 훈련 사무원,우수,2025-03-10
C28ACF0B3,김성호,010-8946-6380,51,남자,울산,중구 성남동,"전직 열차 객실 승무원, 현재 구직중",일반,2026-01-22
C05E3BCD8,김은철,010-2829-7319,61,남자,서울,용산구 청파동,무직,일반,2025-04-13
C275E7C42,김호희,010-7113-7027,51,여자,인천,남동구 구월동,무직,우수,2025-10-12
CD04BAB63,오민진,010-3889-2405,42,남자,서울,용산구 원효로1가,무역 사무원,일반,2025-09-14
C99E770A7,윤채아,010-8169-5472,42,남자,부산,사하구 하단동,철도교통 관제사,우수,2024-11-02
C756A8EC2,배태진,010-8670-9535,26,남자,서울,용산구 후암동,무직,일반,2025-10-27
C3583DD03,한현진,010-5581-8069,59,남자,울산,동구 방어동,그 외 일반 영업원,일반,2024-03-23
C6791BE3E,정준아,010-6800-7362,22,여자,대전,동구 가양동,언어재활사,일반,2025-01-11
CA6DBFF4A,이승란,010-2946-2320,32,남자,대전,동구 가양동,자재 관리 사무원,우수,2024-03-19
C25C8227A,양채숙,010-3723-1466,28,남자,서울,용산구 이태원동,"전직 그 외 데이터 및 네트워크 관련 전문가, 현재 구직중",일반,2026-02-05
C64D731D5,김시진,010-4932-5088,41,여자,경남,거제시 장승포동,사무 보조원,일반,2025-07-21
CB1E1B3B3,신도철,010-4068-5053,57,남자,충북,제천시 하소동,미디어 콘텐츠 창작자,일반,2024-03-31
CAE17EFB9,손성율,010-4357-8154,49,남자,대전,서구 둔산동,철도운송 관련 종사원,일반,2024-08-08
CE1587470,양진준,010-8185-5022,53,남자,대전,중구 은행동,마케팅 전문가,일반,2026-03-03
C78A4322C,조유서,010-8920-7593,40,남자,전남,목포시 하당,자재 관리 사무원,일반,2024-09-30
C2F7C93A2,김민서,010-2873-9094,45,여자,서울,용산구 원효로1가,사무 보조원,일반,2024-05-06
CC9D8F6D4,이지서,010-9924-8647,41,남자,충북,충주시 연수동,회계 사무원,일반,2024-03-28
CCBFDCE8E,오진호,010-5562-5692,62,남자,서울,용산구 청파동,무직,일반,2025-09-11
C7B5CA9BD,박성서,010-6956-9869,51,남자,서울,노원구 상계동,조사 전문가,일반,2026-02-13
CF173BFFB,김진식,010-3657-9355,26,여자,울산,동구 방어동,무직,일반,2025-12-31
C926D2591,최민율,010-9536-7783,58,여자,서울,노원구 상계동,상품 기획자,일반,2026-03-22
C89DE6C47,강수연,010-7148-3797,29,여자,대구,수성구 범어동,일반 비서,우수,2025-03-22
C4F25F7D6,김민우,010-2104-3559,58,남자,인천,남동구 구월동,육군 장교,일반,2024-05-20
C0447433E,김예연,010-2125-3727,46,남자,충남,당진시 수청동,철도교통 관제사,일반,2026-02-07
C176F1945,이하경,010-3276-6402,22,남자,경남,김해시 장유동,사무 보조원,일반,2026-04-29
CD89D702A,김나식,010-9210-2186,62,남자,경남,창원시 성산구,"전직 그 외 컴퓨터 시스템 및 소프트웨어 전문가, 현재 구직중",우수,2025-06-25
CEB0CE467,서승우,010-3118-3963,21,남자,울산,남구 옥동,식품 영업원,우수,2026-01-01
C7925D5F5,손아희,010-3849-5090,27,남자,경기,용인시 기흥구,"전직 경영 기획 사무원, 현재 구직중",우수,2025-03-05
CE84AAE20,박채철,010-4926-3278,57,남자,충북,충주시 연수동,건축감리 기술자,일반,2025-10-29
CB6306F90,이하희,010-7673-5906,35,여자,경북,안동시 옥동,무직,일반,2024-02-04
CF872F0CD,오진영,010-2234-6597,47,여자,대전,중구 은행동,무직,일반,2025-10-21
CF136A60F,이성영,010-8388-5064,61,남자,충북,제천시 하소동,그 외 하역 및 적재 단순 종사원,일반,2024-10-01
CA7D97EC8,송규원,010-6041-3804,26,여자,대전,중구 은행동,사무 보조원,VIP,2025-01-10
C9250B977,김현환,010-3600-6701,46,여자,서울,용산구 한남동,무직,우수,2025-12-14
C17401F02,박유희,010-6693-9772,33,남자,경기,남양주시 다산동,하역 및 적재 관련 단순 종사원,일반,2024-07-24
CD1B5132B,이아현,010-9700-9908,33,여자,서울,용산구 후암동,온라인 쇼핑 판매원,일반,2025-11-21
C2505F751,이시원,010-7789-4151,62,남자,울산,북구 명촌동,사무 보조원,일반,2025-11-28
C0AF153EF,이하호,010-5780-3519,33,남자,제주,제주시 연동,고무·플라스틱 기술자 및 연구원,일반,2024-02-18
C77BA4402,조예율,010-3410-8180,67,여자,경남,진주시 충무공동,무직,일반,2024-05-13
C725AFEAF,오태아,010-7629-1162,41,여자,경기,화성시 동탄,무직,우수,2024-04-19
C6FACCC29,김호준,010-2342-7148,54,여자,경기,화성시 동탄,위험 관리원,일반,2025-06-25
CC5C49CCC,신진준,010-4703-1215,36,남자,인천,연수구 송도동,철도운송 관련 종사원,일반,2024-12-07
C341018F7,김진아,010-7999-4766,48,남자,충북,제천시 하소동,철도운송 관련 종사원,일반,2025-04-19
CFE966C1C,김재경,010-5634-5202,34,여자,부산,부산진구 부전동,경영 기획 사무원,일반,2026-04-09
CAD196612,이시빈,010-5172-7135,27,남자,경기,화성시 동탄,철도운송 관련 종사원,일반,2025-08-27
C8C5CA15D,김도현,010-7097-7004,40,남자,인천,서구 청라동,경영 컨설턴트,일반,2024-02-08
C575BFE34,최연우,010-9659-8094,51,남자,서울,용산구 후암동,품질 관리 사무원,일반,2024-03-01
C7BDEEB1D,김수우,010-2861-3460,27,남자,충남,서산시 동문동,건물 경비원,우수,2025-10-16
CCBBCB2F6,김성환,010-4865-5052,36,여자,경남,거제시 옥포동,무직,일반,2025-10-12
C477C35AC,김수영,010-2058-3527,36,여자,서울,노원구 상계동,무직,일반,2025-12-24
C2F9F0A2C,정우원,010-5573-9881,40,남자,경기,고양시 일산동구,생산관리 사무원,일반,2024-11-17
CAECFEA7D,류시현,010-2629-6796,27,남자,경남,진주시 평거동,무직,일반,2024-03-09
CB1BFE0A4,유예호,010-2996-3379,40,여자,울산,동구 방어동,무직,우수,2026-04-09
C17A1CFD8,조지호,010-7994-7802,59,남자,서울,용산구 한남동,철도교통 관제사,VIP,2024-03-01
C49DAB61E,송하경,010-2234-7691,42,여자,충북,제천시 하소동,무직,VIP,2024-09-24
CC883B238,이규미,010-8546-5614,51,여자,서울,용산구 이태원동,사무 보조원,일반,2026-01-13
C69879385,박연준,010-4950-4948,24,남자,경기,용인시 기흥구,무직,일반,2025-09-30
C136078F7,김성환,010-3156-2241,23,남자,서울,용산구 이태원동,자재 관리 사무원,우수,2024-11-11
C3F9A2591,이나식,010-4313-9481,57,여자,인천,서구 청라동,그 외 기계공학 기술자 및 연구원,우수,2024-07-07
C3910EC34,김성희,010-3565-1302,26,남자,대전,대덕구 송촌동,지방행정 사무원,우수,2025-10-24
C18346016,서준율,010-6486-4822,51,여자,서울,은평구 응암동,금속공학 기술자 및 연구원,우수,2026-01-20
CF44BB85E,임수우,010-5306-7791,25,여자,서울,강남구 역삼동,총무 사무원,일반,2025-11-28
C53E0E687,이지진,010-8600-2257,41,남자,경남,진주시 초전동,경영 기획 사무원,일반,2025-12-12
CD5878FED,김연경,010-6988-5109,25,남자,강원,속초시 조양동,생산관리 사무원,일반,2026-03-30
C2A0208D5,손규영,010-9074-1569,36,남자,서울,용산구 원효로1가,마케팅 전문가,일반,2025-09-09
C55F6D57C,한예진,010-2254-7074,41,남자,경남,거제시 옥포동,철도운송 관련 종사원,일반,2025-03-21
C4734EB05,이도식,,49,여자,도서산간,울릉도 도동,건물 경비원,일반,2025-05-24
CD8E64A0F,홍하빈,010-5195-5939,49,남자,대전,유성구 노은동,철도운송 관련 종사원,일반,2024-12-26
C512AE4AE,조준환,010-6794-4026,51,남자,경기,부천시 원미구,산업용 기계장비 기술 영업원,일반,2025-05-27
C6C8B97B8,서호철,010-8016-2448,82,남자,대전,유성구 노은동,소방 관리자,일반,2024-08-18
CE720B3B5,박성숙,010-2166-3287,49,남자,경기,고양시 일산동구,건물 경비원,일반,2025-11-24
CD69FDCCA,박윤환,010-5840-2085,35,여자,대구,북구 침산동,데이터 관리 및 운영자,일반,2024-03-08
C0EA81689,한규호,010-9490-6483,43,남자,울산,북구 명촌동,병무행정 사무원,우수,2024-01-02
C66F7516E,김하철,010-3771-1408,54,여자,인천,부평구 부평동,무직,일반,2024-03-01
CCE5836E9,박민희,010-4854-7015,30,남자,경북,경주시 황성동,철도운송 관련 종사원,우수,2024-05-25
CE7462DF5,최준빈,,39,여자,충북,제천시 하소동,무직,일반,2026-03-11
C11155D44,박현호,010-3150-9337,57,남자,대구,수성구 범어동,사무 보조원,일반,2025-08-31
C10E4B0D2,정준서,010-5195-4284,27,여자,경남,양산시 물금읍,경리 사무원,일반,2025-08-02
C2D2B7552,강연식,010-4966-2375,31,여자,경기,용인시 기흥구,사무 보조원,일반,2025-12-15
C91AE5D79,안주원,010-4173-7339,25,여자,대전,유성구 봉명동,교육 및 훈련 사무원,우수,2024-07-23
CA954676C,강유아,010-4257-2426,47,여자,대전,유성구 봉명동,교육 및 훈련 사무원,일반,2025-02-06
C3D2F6C54,김민미,010-8833-3372,24,남자,경남,거제시 장승포동,무직,일반,2024-04-08
C33DBAE82,김하미,010-4790-8856,54,남자,충남,당진시 수청동,국가행정 사무원,일반,2024-08-23
CBE890351,김지환,010-2996-8831,49,여자,서울,마포구 서교동,경영 컨설턴트,일반,2024-09-07
CDAF7C094,최유영,010-7156-8442,23,남자,서울,용산구 이태원동,"전직 그 외 기획 및 마케팅 사무원, 현재 구직중",우수,2025-12-29
C53835E8C,정승호,010-9676-4061,44,남자,대구,북구 침산동,무직,일반,2024-02-15
C798125B0,박현식,010-3784-2459,25,남자,경기,고양시 일산동구,영업 관리 사무원,일반,2025-03-09
C4349F5D9,정현자,010-8752-4038,42,남자,인천,남동구 구월동,선박교통 관제사,우수,2025-11-27
C27B904A8,고진숙,010-7162-8712,32,남자,대전,유성구 노은동,조사 전문가,우수,2026-04-09
CEC63D7FD,손아희,010-6205-7548,19,남자,경남,창원시 성산구,무직,일반,2024-09-08
C90B2AD26,고현미,010-3780-5270,52,남자,전북,군산시 나운동,통계 사무원,일반,2024-04-24
CDE3C6657,윤시연,,26,여자,전북,익산시 영등동,공공행정 사무원,일반,2024-01-06
C2B8D6DC1,한유준,010-6257-8489,41,남자,울산,울주군 범서읍,무직,일반,2026-04-28
C6D0CCE77,손나철,010-4970-3456,44,남자,경남,진주시 평거동,무직,일반,2024-02-15
C173213BF,김주진,010-9326-6485,30,남자,경북,안동시 옥동,그 외 기획 및 마케팅 사무원,VIP,2026-03-09
C527DE60F,이영미,010-3814-3710,41,여자,울산,울주군 범서읍,무직,일반,2025-12-13
C61AE2A89,김지환,010-4736-6297,19,남자,서울,강남구 역삼동,무직,우수,2025-05-24
C2E974619,류지영,010-2159-9705,33,남자,경기,용인시 기흥구,일반 비서,일반,2026-01-07
C2D88FC4B,이은미,010-7242-6875,48,여자,인천,서구 청라동,정보 시스템 운영자,일반,2024-10-18
C7A80D8E7,이아호,010-7969-8424,33,여자,전북,전주시 덕진구,보험 사무원,일반,2025-03-05
C3D0481A0,김영영,010-6256-6916,66,여자,대전,대덕구 송촌동,그 외 일반 영업원,일반,2025-10-24
C12C95BDA,권지식,,29,여자,경북,경주시 황성동,전화 상담원,VIP,2025-06-06
C332F3188,오수환,010-7743-6295,34,여자,전북,익산시 영등동,사무 보조원,일반,2026-02-25
CB34F6337,오아준,010-9352-2051,19,여자,대구,북구 침산동,무직,일반,2024-10-05
CA7228354,박나환,010-3531-7759,30,여자,서울,용산구 청파동,그 외 건설·전기 및 생산 관련 관리자,일반,2024-09-16
C3B6FA727,윤지서,010-4283-5111,34,여자,서울,강남구 역삼동,광고 및 홍보 관리자,일반,2026-04-20
C009D622E,김승빈,010-3520-9931,47,남자,경기,부천시 원미구,자재 관리 사무원,일반,2024-05-02
CD50D6F9F,문도환,010-8649-2964,46,남자,서울,용산구 한남동,사무 보조원,일반,2024-11-25
C0838E327,조도아,010-7536-4498,46,남자,울산,울주군 범서읍,무직,일반,2025-11-24
C3438FF33,김유진,010-8984-9554,60,남자,대구,수성구 범어동,경리 사무원,일반,2024-06-29
C154CC174,송호원,010-3676-3727,57,남자,대구,달서구 상인동,도로운송 사무원,일반,2025-04-13
CBA9BDEB1,김도환,010-5155-5966,28,남자,부산,동래구 온천동,무직,일반,2024-06-04
C7BB4EEC9,김수준,010-9585-9881,21,여자,경기,부천시 원미구,무직,일반,2024-08-30
CAB511354,이도철,010-5162-4107,56,여자,서울,용산구 한남동,사무 보조원,일반,2025-07-22
C0CD97F99,박아숙,010-8780-3438,64,남자,서울,강남구 역삼동,사무 보조원,일반,2024-01-13
C428DD654,김승진,010-5959-8205,59,여자,경남,창원시 성산구,교사 교육 보조원,일반,2025-11-10
C925AAAB0,손하란,010-7159-5261,21,남자,경기,수원시 영통구,공공행정 전문가,우수,2025-05-29
CC25AF36D,김예자,010-4348-3719,22,남자,경기,화성시 동탄,전화 상담원,일반,2025-08-10
CC8D0248F,최우경,010-6025-2426,25,여자,경남,진주시 초전동,그 외 제품 디자이너,일반,2024-10-28
C854432FE,김예빈,010-2711-5269,60,남자,경기,수원시 영통구,무직,일반,2024-12-20
C395DD75C,오서숙,010-6235-4274,21,남자,서울,송파구 잠실동,생산관리 사무원,일반,2025-02-25
CB9840C39,최시란,010-5737-6413,57,여자,경기,남양주시 다산동,무직,일반,2026-03-23
CB957E4E1,김아경,010-9017-9620,35,남자,대구,수성구 범어동,도로운송 사무원,일반,2024-09-24
C0A9D22DD,최호서,010-6205-7251,19,여자,전북,군산시 나운동,무직,우수,2025-03-10
C18FE369E,송수아,010-7846-7047,48,여자,서울,강남구 역삼동,총무 사무원,일반,2025-06-24
CF59BBD05,김호우,010-5070-4623,63,여자,경남,거제시 옥포동,사무 보조원,일반,2024-06-17
CB8D87E83,허시서,010-3948-3079,35,여자,경기,수원시 영통구,교육 및 훈련 사무원,일반,2025-06-25
CE03F2A5F,김서미,010-7541-2636,66,남자,울산,북구 명촌동,건물 경비원,VIP,2025-11-26
CAEF3511B,오은율,010-7727-3316,67,남자,대구,북구 침산동,무직,일반,2025-07-09
CD137743E,최은현,010-4928-1179,22,여자,서울,용산구 후암동,일반 비서,일반,2025-10-12
CAB89EBA6,김유서,010-4754-6418,41,남자,부산,해운대구 우동,조사 전문가,일반,2025-02-04
CC3E4D773,김태희,010-4501-6320,53,남자,대전,유성구 봉명동,강구조물 건립원,일반,2024-08-08
CFFDB980C,한아자,010-9690-6258,26,남자,대전,동구 가양동,전기 부품 제조 기계 조작원,일반,2024-08-25
CC55DC5C0,최재서,010-9387-5303,30,남자,대전,서구 둔산동,"전직 경리 사무원, 현재 구직중",일반,2024-02-09
C92F92ADD,김주호,010-7065-6591,28,남자,서울,강남구 역삼동,그 외 전기공학 기술자 및 연구원,일반,2024-10-10
C988273E7,김유란,010-7244-5681,24,여자,서울,은평구 응암동,산업 안전원,우수,2026-02-21
C6718C8AA,김수희,010-5643-5951,40,남자,세종,새롬동,건축감리 기술자,우수,2026-04-27
CD08565A4,이하자,010-9453-2743,22,여자,울산,남구 삼산동,"전직 마케팅 전문가, 현재 구직중",일반,2025-06-09
C58C38476,손태희,010-8869-9985,27,여자,경기,남양주시 다산동,무직,일반,2025-05-05
C0754EF95,김성철,010-9366-9451,48,여자,경기,성남시 분당구,경영 컨설턴트,일반,2026-04-16
C628BCC57,윤윤호,010-9567-7874,22,남자,경남,진주시 충무공동,무직,일반,2025-11-04
CF60E3691,김시환,010-6604-2972,20,남자,대전,유성구 봉명동,사무 보조원,VIP,2024-03-23
CD037D349,장도우,010-5729-2465,75,여자,충남,당진시 수청동,무직,일반,2025-04-07
C0CACC56C,조영자,010-6149-3187,60,남자,경기,화성시 동탄,무직,일반,2025-09-07
C9C95A2A4,김시희,010-2030-6447,46,여자,부산,동래구 온천동,교육 및 훈련 사무원,일반,2024-06-01
C994FF3A3,박은원,010-4920-1604,43,남자,서울,용산구 청파동,철도교통 관제사,일반,2024-09-19
C53D9810E,임준빈,010-6667-5419,51,남자,서울,노원구 상계동,공학 연구 관리자,VIP,2025-01-10
CB1B775B4,이규숙,010-8772-2750,19,남자,경남,창원시 성산구,무직,일반,2024-07-19
CFF22484C,김현희,010-5156-2383,27,여자,충북,충주시 연수동,사무 보조원,VIP,2025-03-02
C76F16F4A,고성현,010-5962-5642,32,남자,서울,노원구 상계동,공공행정 사무원,일반,2024-02-22
C8ECBE8E5,최하아,010-7288-2395,20,남자,전북,군산시 나운동,일반 비서,우수,2025-03-20
C3392CF74,전규자,010-7283-9523,36,여자,대구,수성구 범어동,국가행정 사무원,VIP,2024-07-08
CC5E5092A,박재란,,62,남자,울산,남구 삼산동,무직,일반,2025-02-26
C86E2233F,강진현,010-2251-9595,57,여자,경남,진주시 초전동,그 외 시설 및 특수 경비원,일반,2025-05-17
C38C4924B,박민자,010-8584-5939,23,여자,경기,수원시 영통구,무직,일반,2026-01-08
C15EA0A59,이채자,010-2822-9084,25,여자,경기,고양시 일산동구,"전직 통역가, 현재 구직중",일반,2024-03-02
C49D88620,오민란,010-4817-8230,28,여자,경기,용인시 기흥구,보육교사,일반,2025-02-01
C8BD2AE09,김현영,010-6465-1844,61,여자,울산,남구 옥동,무직,일반,2025-06-05
C30FE5A75,이성율,010-4151-8867,34,남자,부산,동래구 온천동,철도운송 관련 종사원,우수,2025-01-12
C7CC27CD0,김연란,010-7718-8079,34,남자,경남,진주시 초전동,영업 관리 사무원,일반,2024-05-22
C94E969BF,김서영,010-9027-2277,33,남자,울산,남구 옥동,육군 부사관,일반,2024-10-12
C89A4959C,고윤란,010-6821-5788,46,여자,경기,용인시 기흥구,정보 시스템 운영자,일반,2024-04-21
CA1509D71,정현숙,,40,남자,서울,강남구 역삼동,영업 관리 사무원,VIP,2024-06-26
CDD6025F9,문도진,010-6867-7080,38,여자,서울,용산구 한남동,무직,일반,2026-04-01
C72F8408B,안도란,010-4389-3363,33,남자,경남,진주시 충무공동,일반 비서,일반,2024-12-13
CDC37E2DE,이채식,010-6285-5484,32,남자,인천,부평구 부평동,철도운송 사무원,일반,2026-04-13
C4B4602EE,김채자,010-2088-3197,21,남자,경기,화성시 동탄,그 외 건설·전기 및 생산 관련 관리자,우수,2024-10-01
C1384513B,김우호,010-7611-3544,41,여자,광주,서구 치평동,무직,일반,2025-06-23
C17D81E48,김연서,010-4231-9758,40,여자,부산,해운대구 우동,무직,일반,2026-01-05
C5B094211,이서우,010-8968-9421,38,여자,경남,거제시 장승포동,무직,일반,2025-10-30
C82E40049,손현숙,010-7957-6784,30,여자,경기,남양주시 다산동,무직,일반,2024-11-03
C5CB82ED4,전연서,010-3129-9925,31,남자,경남,거제시 옥포동,경영 기획 사무원,일반,2026-02-07
C7D39F823,류윤호,010-5937-7307,54,남자,경남,창원시 성산구,사무 보조원,일반,2024-05-28
CD7A5EC62,이윤우,010-6939-2956,57,남자,경남,창원시 성산구,경리 사무원,일반,2025-11-21
C00CF4F70,권하호,010-2615-8610,43,남자,경기,남양주시 다산동,사무 보조원,우수,2026-04-07
C3F6AE748,박서란,010-9627-3482,48,여자,대전,중구 은행동,총무 및 인사 관리자,일반,2025-08-02
CF795AA8D,박예우,010-4854-5473,49,남자,대전,유성구 봉명동,반도체공학 기술자 및 연구원,일반,2026-04-05
C32C3F080,손시자,010-5897-2514,45,여자,경기,화성시 동탄,무직,일반,2024-12-15
CCE2C1D7A,한성란,010-8979-9885,41,남자,서울,용산구 한남동,무직,일반,2024-03-24
C1C8B7594,김윤호,010-4466-9783,49,여자,강원,원주시 무실동,전기 감리 기술자 및 연구원,일반,2024-04-29
CFA476EC7,이현란,010-7417-9360,35,여자,도서산간,백령도 진촌리,국가행정 사무원,우수,2026-01-05
CE987FDC2,김아우,010-8497-4503,50,남자,경기,부천시 원미구,소규모 상점 경영자,일반,2025-09-24
CB18388E6,박예철,010-7001-3152,29,남자,경기,남양주시 다산동,무직,일반,2025-07-03
C518050B5,김우율,010-5519-5955,38,여자,경기,수원시 영통구,사무 보조원,일반,2025-05-11
C782BA3F7,이성빈,010-7598-9150,46,남자,경기,남양주시 다산동,무직,VIP,2026-02-28
CB51D28AD,윤영진,010-4379-8240,34,여자,대전,유성구 봉명동,조사 전문가,일반,2024-03-06
C5F232506,고지란,010-8245-7975,30,여자,서울,송파구 잠실동,무직,VIP,2025-06-14
C7480FE74,강태희,010-4572-9222,26,남자,광주,서구 치평동,무직,일반,2025-12-01
C8BA2B5CF,이주진,010-8732-3779,45,여자,대전,서구 둔산동,무직,일반,2024-10-04
C7C71A86E,유유식,010-5893-3761,26,남자,대구,북구 침산동,그 외 건설·전기 및 생산 관련 관리자,일반,2025-08-07
C35F99C6F,박서식,010-7065-4962,56,여자,부산,부산진구 부전동,무직,일반,2024-07-06
CDB653C5C,김은란,010-9524-6425,42,여자,경남,거제시 장승포동,교육 및 훈련 사무원,VIP,2025-02-09
C759E8CD2,이규란,010-3148-5787,41,여자,경남,거제시 옥포동,사무 보조원,일반,2024-08-24
CB8C4C5D7,김은현,,47,남자,대구,달서구 상인동,공군 부사관,일반,2024-09-12
C9B2127BB,이정호,010-2767-6144,59,여자,경기,고양시 일산동구,시설 경비원,일반,2026-01-20
C3ED7526A,윤준식,010-7338-7085,53,남자,전북,전주시 덕진구,전화 상담원,VIP,2024-05-06
C9C2CB3CB,이윤진,010-8253-1322,49,남자,대구,수성구 범어동,영업 관리 사무원,일반,2024-07-16
C736D33D4,임예란,010-5269-2805,50,여자,경남,진주시 초전동,조사 전문가,일반,2024-04-01
C175E0FA2,김주빈,010-7083-8100,29,여자,부산,사하구 하단동,무직,우수,2026-04-01
CA0FF4910,박윤식,010-9045-1708,26,남자,경남,창원시 성산구,일반 비서,일반,2025-05-19
C29AD0F4C,권채준,010-6041-7325,49,남자,경남,진주시 충무공동,사무 보조원,우수,2025-02-11
CBBF89C50,홍호준,010-5871-5162,26,남자,대전,서구 둔산동,무직,일반,2024-04-27
C39C535B9,강현빈,010-4770-4831,56,남자,전북,전주시 덕진구,영업 관리 사무원,일반,2025-11-05
C2E913452,장수아,,41,남자,서울,용산구 원효로1가,철도운송 관련 종사원,일반,2024-04-19
C76236686,정수연,010-7746-8392,43,여자,서울,용산구 이태원동,무직,일반,2024-11-05
CE5ECC571,손하호,010-8700-1152,26,여자,서울,용산구 원효로1가,산업용로봇 조작원,일반,2025-12-30
C458A08DF,송호식,010-3297-4660,75,남자,경남,진주시 충무공동,사무 보조원,일반,2024-02-13
C6CA31024,서승영,010-4251-5980,40,남자,경기,고양시 일산동구,플랜트공학 기술자 및 연구원,우수,2024-03-24
C4B022074,황하영,010-2180-5914,55,여자,울산,남구 옥동,사무 보조원,우수,2024-10-18
C6C1BE348,김도아,010-8457-7558,26,여자,전북,전주시 덕진구,보육교사,일반,2024-11-02
C22424CA0,조현철,010-7836-8812,55,여자,전남,여수시 학동,열차 객실 승무원,일반,2026-01-29
CCFA00A13,박하준,010-7076-7766,32,남자,서울,용산구 원효로1가,경리 사무원,일반,2025-06-17
CAE4C16FD,최연연,010-4665-2528,27,남자,울산,남구 옥동,품질 관리 사무원,일반,2024-08-09
CE3B3DB06,류진아,010-9853-7719,52,남자,울산,남구 옥동,생산관리 사무원,일반,2024-10-02
CEF48F134,장준준,010-5559-3983,25,남자,대구,북구 침산동,경영 기획 사무원,일반,2025-03-13
C2D5EFEF8,이도서,010-9232-9221,55,여자,서울,용산구 원효로1가,일반 비서,일반,2025-07-23
CED9C27D6,김시란,010-9864-6695,53,여자,대전,유성구 노은동,여행 사무원,일반,2024-09-21
C101EF832,이도식,010-5149-6722,26,남자,경기,부천시 원미구,품질 관리 사무원,일반,2024-02-12
C9948C94A,박윤현,010-7438-7408,34,여자,전남,목포시 하당,일반 비서,일반,2024-04-19
C5829A5CC,이진숙,010-6314-9283,36,남자,대전,대덕구 송촌동,영업 관리 사무원,일반,2024-12-20
CA9B32B11,박나미,010-7825-7410,53,남자,경남,김해시 장유동,회계 사무원,일반,2025-07-01
C66EA60B7,김영철,,26,여자,서울,강남구 역삼동,무직,일반,2026-03-08
C6488CB8E,김현율,010-8971-2836,46,여자,대전,동구 가양동,무직,일반,2025-01-06
C2EA022E5,최성호,010-5494-9065,35,여자,경남,거제시 옥포동,사무 보조원,일반,2025-11-08
C154B624C,이예원,010-8307-2325,36,여자,서울,용산구 한남동,무직,일반,2025-05-27
C3D8C8E6C,김연희,010-5482-5760,29,여자,경남,양산시 물금읍,무직,일반,2024-11-28
CDF82F3AA,권규희,010-6467-5965,62,남자,울산,북구 명촌동,무직,일반,2025-10-13
C8FA83D92,황채우,010-7465-1093,31,여자,부산,부산진구 부전동,무직,우수,2024-04-22
C899B5864,황영연,010-7983-3519,30,남자,경기,용인시 기흥구,마케팅 관리자,우수,2024-08-01
CAB4964BF,박수숙,010-8756-4281,42,남자,경기,고양시 일산동구,경영 기획 사무원,VIP,2024-08-08
CF5E18C22,서수호,010-6060-8422,31,여자,충남,천안시 서북구,기업 대표이사,일반,2024-02-09
C08365604,박진빈,010-5483-4181,32,남자,부산,동래구 온천동,공공행정 사무원,일반,2024-08-18
C382C2F46,이수식,010-3872-3898,39,여자,인천,서구 청라동,무직,일반,2024-05-13
C57192709,김시호,010-3821-4481,62,남자,경기,부천시 원미구,무직,일반,2025-11-25
CFD3405C5,이윤율,010-2928-2293,56,남자,광주,북구 운암동,통계 사무원,일반,2025-09-20
CCC1F6348,김규준,010-2052-6365,31,남자,경북,구미시 인동,관리 비서,일반,2025-11-20
CFA615E5A,이채식,010-5814-4145,23,남자,경기,화성시 동탄,생산관리 사무원,일반,2024-05-30
CDAEA475D,박정원,010-4844-6372,28,여자,경남,거제시 고현동,무직,VIP,2025-09-29
C06C8FDFF,김규란,010-8380-5378,42,여자,인천,부평구 부평동,일반 비서,우수,2024-07-12
C34AC72D4,송윤빈,010-5571-8786,33,여자,서울,마포구 서교동,일반영양사,일반,2025-01-27
C8725C32F,김은빈,010-2380-5110,54,남자,충남,아산시 배방읍,마케팅 전문가,일반,2025-05-20
C55E2A5FD,안유철,010-2573-6865,47,남자,울산,중구 성남동,예약 및 접수 사무원,일반,2026-04-07
C7B160AC0,윤영율,010-5991-2700,24,여자,울산,동구 방어동,일반 비서,일반,2024-11-30
CF8358DC5,최태영,010-8372-3775,28,남자,서울,노원구 상계동,"전직 생산관리 사무원, 현재 구직중",우수,2025-08-28
C68EF7228,김연자,010-3831-7755,44,남자,서울,은평구 응암동,경영 기획 사무원,우수,2025-08-14
C3F7955B8,김채숙,010-8413-1044,25,여자,서울,강남구 역삼동,보육교사,우수,2025-12-18
C9E590C07,김윤환,010-3679-7734,31,여자,전북,군산시 나운동,총무 사무원,일반,2024-06-09
CF0862B7B,조태란,010-9307-7790,47,남자,울산,동구 방어동,무직,일반,2026-02-05
C3BA0B53F,박규숙,010-5021-8787,53,남자,전북,전주시 덕진구,무직,일반,2025-02-13
CAED97500,황은빈,010-6277-1799,26,남자,울산,남구 삼산동,자재 관리 사무원,일반,2024-03-23
CC4120877,김준빈,010-6560-1829,42,여자,경기,남양주시 다산동,무직,일반,2025-06-07
C4B5ECF7B,전은식,010-8160-3181,36,남자,전남,순천시 조례동,상품 기획자,일반,2025-07-26
CED4FC49C,김연빈,010-6421-2741,55,남자,경북,포항시 남구,일반 비서,일반,2025-10-28
C2FAD3BE0,권윤서,010-9045-4933,40,남자,울산,동구 방어동,일반 비서,일반,2024-01-10
C3A5DFC1F,박채준,010-4525-3107,29,남자,경기,용인시 기흥구,무직,일반,2025-09-29
C79C489A3,정도식,010-7341-3111,43,여자,인천,남동구 구월동,소규모 상점 경영자,일반,2025-11-16
CEC6B2E89,조태준,010-5353-3925,68,남자,경남,거제시 고현동,하역 및 적재 관련 단순 종사원,일반,2025-03-15
C76C0B8A6,김아경,010-7254-4366,44,남자,제주,제주시 연동,기업 대표이사,일반,2024-02-08
CA73F964E,최호우,010-9701-6154,30,남자,경남,거제시 장승포동,경영 기획 사무원,우수,2024-04-26
C7231C2B7,김민식,010-5016-3176,52,남자,경남,진주시 평거동,전기 및 전자 제품 생산 관리자,일반,2025-12-11
CB1BAB3A5,김우식,010-4399-4018,34,여자,대전,동구 가양동,마케팅 전문가,일반,2024-09-30
C7CCFF666,김태우,010-6866-9636,40,남자,경남,창원시 성산구,생산관리 사무원,일반,2024-01-27
CC0FB2BC2,송현숙,010-9627-3285,34,남자,경남,거제시 옥포동,생산관리 사무원,일반,2024-07-25
C524419C5,김우원,010-4743-7752,33,여자,경기,성남시 분당구,무직,일반,2024-12-23
C289F79D5,이승식,010-8582-8190,46,남자,대전,서구 둔산동,출판물 편집자,우수,2024-07-25
C7C40A754,신현율,010-5374-4893,30,여자,대전,유성구 노은동,영업 관리 사무원,일반,2026-01-28
C1EE5E717,전호숙,010-8854-2955,54,남자,부산,동래구 온천동,교육 및 훈련 사무원,일반,2026-02-10
CAFE02E67,이승란,010-6910-8017,19,여자,대구,달서구 상인동,무직,일반,2025-01-27
C55B9BC42,이우경,010-7274-3554,45,남자,대전,유성구 노은동,관세행정 사무원,VIP,2025-06-09
C44337150,정지식,010-3168-2885,34,여자,강원,원주시 무실동,광고 전문가,일반,2024-06-24
C645667F6,안주희,010-4505-5362,52,여자,서울,송파구 잠실동,예약 및 접수 사무원,일반,2024-11-20
CF949DB73,전성철,010-9536-5037,62,남자,경남,거제시 옥포동,무직,일반,2025-11-23
CA5D97952,이도환,010-3692-4788,46,남자,경기,용인시 기흥구,도로운송 사무원,우수,2025-08-20
C338D580D,정민미,010-2478-9237,27,남자,서울,강남구 역삼동,영업 관리 사무원,일반,2024-02-29
C66B7B8CD,김호경,010-3541-7771,41,남자,대전,동구 가양동,생산관리 사무원,우수,2025-04-23
C345C37A8,김유준,010-5463-8702,62,남자,서울,용산구 이태원동,사무 보조원,일반,2024-04-29
CF0E7A60E,김규진,010-3297-4885,29,여자,서울,용산구 후암동,경리 사무원,일반,2024-07-19
C2163504D,권은란,010-7229-3873,51,남자,경기,성남시 분당구,사무 보조원,우수,2024-08-10
C9BA24C67,박영연,010-7813-5657,28,남자,대전,서구 둔산동,"전직 영업 관리 사무원, 현재 구직중",일반,2024-07-11
C5809D9C3,송유빈,010-7244-7852,69,여자,경기,용인시 기흥구,무직,일반,2025-11-10
CF48FA859,최태숙,010-5513-2461,27,남자,강원,강릉시 교동,무직,일반,2025-12-18
C0B504EA5,정나율,010-7081-1481,35,여자,전북,군산시 나운동,사무 보조원,일반,2024-08-06
CC7177731,김준서,010-5277-9087,35,남자,서울,용산구 이태원동,사무 보조원,일반,2024-04-12
C2E0B9BF7,황민빈,,31,남자,대전,동구 가양동,품질 관리 사무원,일반,2025-07-07
CE38C61B0,안하호,010-4481-7157,30,남자,강원,강릉시 교동,생산관리 사무원,일반,2024-11-10
C1A74F970,안영현,010-7574-6995,27,남자,경남,거제시 고현동,총무 사무원,일반,2026-03-07
C8D719BED,이진율,,22,여자,경남,거제시 고현동,무직,우수,2024-12-13
C9B958C06,김진서,010-3641-2272,29,여자,울산,중구 성남동,무직,일반,2024-03-02
CC5857DD7,김시란,010-3825-7649,37,남자,경남,진주시 평거동,압출기 조작원,일반,2026-04-09
CD3C7173F,최승진,010-5534-2897,21,남자,서울,강남구 역삼동,철도운송 관련 종사원,일반,2024-05-24
C857B8036,서성숙,010-3643-5383,26,여자,울산,남구 옥동,경영 기획 사무원,일반,2025-07-29
CBEFC1856,전주경,010-5144-4688,38,여자,경북,안동시 옥동,사무 보조원,우수,2024-06-11
C864F1C01,박예환,010-6998-8514,44,남자,울산,울주군 범서읍,도로운송 사무원,우수,2025-02-01
CEF8F4FF9,안수영,010-2071-6435,42,여자,전남,순천시 조례동,사무 보조원,일반,2024-04-21
CC4F94665,김은환,010-6363-6657,37,여자,서울,강남구 역삼동,관리 비서,우수,2024-08-01
CD2E4BBC9,이수철,010-6912-8661,46,여자,서울,용산구 한남동,공공행정 사무원,일반,2025-03-18
C815EEFEE,이성원,010-3318-4157,45,여자,경남,창원시 성산구,그 외 서비스 관련 단순 종사원,일반,2025-08-15
CC1297BEB,류아아,010-6596-7753,82,남자,경남,진주시 충무공동,무직,일반,2025-05-24
CBC9CA22C,김정서,010-7615-8769,64,남자,충남,당진시 수청동,무직,우수,2026-04-29
CCB67C6BD,이윤진,010-7312-1378,43,남자,울산,동구 방어동,일반 비서,일반,2024-10-21
C384C5CC2,손지식,010-8678-4716,23,남자,전남,순천시 조례동,철도교통 관제사,일반,2025-08-08
C6FC49349,조유환,010-5769-5607,28,남자,대전,서구 둔산동,국가행정 사무원,일반,2026-01-21
CA681247F,양진란,010-8759-5815,51,여자,세종,조치원읍,무직,일반,2024-10-04
CA8D35F15,강도호,010-6385-8269,33,여자,인천,연수구 송도동,마케팅 전문가,일반,2024-07-21
C81E2CC1D,김준희,010-5216-9112,27,여자,경기,수원시 영통구,학습지 방문강사,일반,2026-04-07
CA545F97A,강호철,010-2721-5230,31,남자,경남,김해시 장유동,전기 안전 기술자 및 연구원,일반,2024-05-25
CF6832C14,임수서,010-7742-5434,43,남자,세종,새롬동,자재 관리 사무원,일반,2024-11-25
CD78C3B11,조아환,010-7711-1099,51,남자,서울,은평구 응암동,시설 경비원,우수,2024-03-27
C9F2CC5F7,박수희,010-5161-3787,26,남자,경남,거제시 옥포동,무직,일반,2024-09-01
C12C29DEE,조민희,010-8231-5089,28,남자,전남,여수시 학동,고속철 기관사,일반,2024-06-26
C64D69499,박예식,010-3773-8813,77,남자,전북,익산시 영등동,조세행정 사무원,일반,2024-01-29
C98227CBF,신태미,,30,여자,광주,광산구 수완동,"전직 통역가, 현재 구직중",일반,2024-09-17
CE301D638,김은원,010-6451-4897,32,여자,충남,천안시 서북구,사무 보조원,일반,2025-06-26
C9EB5E7BB,류우경,010-3097-3710,21,남자,경기,성남시 분당구,생산관리 사무원,우수,2024-09-15
C36AFC6BE,안진현,010-2719-9873,19,남자,서울,마포구 서교동,무직,일반,2026-04-06
CFF53094F,오정자,010-9158-8246,47,여자,경남,거제시 장승포동,사무 보조원,일반,2025-01-25
C352156C7,이재호,010-6136-5859,56,남자,대전,대덕구 송촌동,자재 관리 사무원,우수,2024-03-15
CBABD6710,김승숙,010-6815-3056,38,남자,울산,남구 삼산동,사무 보조원,우수,2025-09-22
C87B3EFD2,장영빈,010-6002-2195,57,여자,서울,용산구 원효로1가,경리 사무원,일반,2024-01-05
CD89A8AE3,이연호,010-8019-6240,46,남자,경기,용인시 기흥구,그 외 법률 관련 사무원,일반,2024-12-17
C3599AA39,박채빈,010-9929-8277,36,여자,전남,목포시 하당,상품 기획자,일반,2026-03-31
C2AEE3318,김윤경,010-5484-7985,25,여자,경기,부천시 원미구,상품 기획자,일반,2024-01-18
CDA73C743,정우아,010-4604-7462,25,여자,대전,중구 은행동,무직,우수,2025-02-20
C91FFA8C2,김준경,010-5307-8132,25,여자,경기,화성시 동탄,위험 관리원,일반,2026-01-31
C504ED17E,김지자,010-8486-5170,57,여자,경북,경주시 황성동,통계 사무원,VIP,2024-07-03
C3216D975,김호란,010-7044-9701,60,여자,대전,대덕구 송촌동,무직,일반,2024-10-22
C9DAEC101,양예서,010-2054-8961,50,남자,울산,중구 성남동,교육 및 훈련 사무원,일반,2025-05-22
C7792A8D6,김예빈,010-7001-4450,31,남자,경북,경주시 황성동,건물 경비원,일반,2024-07-11
C846D5489,박규호,010-9113-7455,26,남자,경기,화성시 동탄,사무 보조원,일반,2024-11-07
C3E78B8D5,김규호,010-5688-8847,47,남자,경남,진주시 평거동,경영 기획 사무원,VIP,2025-06-28
C487B0E26,김도율,010-8137-6720,22,남자,충북,제천시 하소동,자재 관리 사무원,우수,2025-04-04
CCA47669B,강민준,010-5346-6272,38,여자,경기,화성시 동탄,무직,우수,2025-02-15
C6E578ED8,김아현,010-6218-5041,23,남자,서울,용산구 청파동,육군 병사,일반,2025-03-15
CB02051C0,이진자,010-6275-9197,26,남자,경기,화성시 동탄,생산관리 사무원,VIP,2024-05-14
C931420E1,김성미,010-6307-3016,65,여자,서울,마포구 서교동,무직,일반,2025-08-04
C4E9B5A8B,정재영,010-6542-6224,31,남자,대전,중구 은행동,타이어 생산기 조작원,일반,2026-03-11
CCBFE2162,김예준,010-4464-8583,36,남자,광주,서구 치평동,자재 관리 사무원,일반,2025-11-22
C3E699135,조규경,010-2768-3729,22,남자,세종,조치원읍,경리 사무원,일반,2024-07-29
CEA7AB848,최서희,010-8931-3136,25,남자,경기,남양주시 다산동,영업 관리 사무원,일반,2024-04-17
CDA08BD39,박수율,010-8306-3485,23,남자,울산,남구 삼산동,생산관리 사무원,일반,2025-08-03
C26FDDB54,송민원,010-3346-1031,63,여자,대구,수성구 범어동,무직,일반,2024-02-17
C7FAE69B9,김준율,010-8218-8886,27,남자,광주,광산구 수완동,영업 관련 관리자,우수,2025-11-13
C598E6073,최정미,010-5549-1600,40,남자,경기,고양시 일산동구,세무사,일반,2024-12-18
C6607CB09,오예준,010-2172-5325,45,남자,인천,연수구 송도동,사무 보조원,우수,2024-10-07
C719DACE7,정수철,010-8215-4676,28,여자,서울,용산구 한남동,플랜트공학 기술자 및 연구원,일반,2025-09-24
C0F1E0F27,이주아,010-8679-1953,55,남자,경남,창원시 성산구,고속철 기관사,일반,2024-03-16
CCCB1AB31,황유아,010-6223-2282,50,남자,경북,구미시 인동,품질 관리 사무원,일반,2026-04-29
CED08E14B,신정빈,010-2117-5364,64,여자,경남,거제시 고현동,무직,일반,2025-03-16
C16EFA169,김나아,010-6372-8127,41,여자,경기,남양주시 다산동,경리 사무원,일반,2025-06-01
C53A22A8A,한시미,010-3517-7154,27,여자,경남,거제시 옥포동,일반 비서,일반,2026-01-10
C7F7B293D,송도빈,010-2157-3633,33,여자,충남,아산시 배방읍,총무 사무원,일반,2025-09-01
CBA93A893,한민원,010-3141-7141,57,여자,대전,동구 가양동,소규모 상점 경영자,일반,2025-07-12
CB4357A17,김하빈,010-8446-1057,39,남자,전남,여수시 학동,일반 비서,일반,2024-05-05
CB5CEFCF9,강도미,010-7305-4022,47,남자,울산,울주군 범서읍,경리 사무원,우수,2025-11-03
CF550BFA9,조영연,010-5749-4982,68,남자,서울,용산구 후암동,무직,우수,2026-02-28
C4C33A5A7,한윤란,010-2136-5931,41,여자,서울,용산구 이태원동,사무 보조원,일반,2024-08-15
CF3B71D92,강민호,010-8744-7972,37,여자,서울,노원구 상계동,무직,일반,2024-03-13
CAFD0554A,한나율,010-3174-6956,50,여자,경남,양산시 물금읍,예약 및 접수 사무원,일반,2024-09-20
CF2933C2D,김하서,010-4329-1018,49,여자,경기,남양주시 다산동,사무 보조원,우수,2025-07-05
C59636906,김아빈,010-9526-4581,39,여자,대전,동구 가양동,무직,일반,2025-05-15
CF048C1FB,이재숙,010-8649-8546,48,여자,경남,진주시 충무공동,사무 보조원,일반,2024-02-28
CAD2C2D3E,정우호,010-8686-7326,48,남자,서울,송파구 잠실동,철도운송 관련 종사원,일반,2025-10-16
CBB74D958,전은호,010-7476-8701,61,남자,경기,화성시 동탄,무직,일반,2025-02-08
C8BA3BB8F,김영환,010-5925-9489,53,남자,대구,달서구 상인동,사무 보조원,일반,2025-10-01
C1CC93C66,박지아,010-2391-1136,25,여자,경기,화성시 동탄,교사 교육 보조원,일반,2024-10-26
CDB48D910,김수미,010-9599-5764,27,여자,대전,동구 가양동,무직,일반,2025-07-25
CCECBD3A6,조규식,010-7344-6777,38,여자,강원,속초시 조양동,사무 보조원,우수,2025-11-04
C3EBA19A9,안우영,010-2907-1532,21,남자,서울,용산구 청파동,생산관리 사무원,VIP,2025-06-28
C22860011,임승율,010-4792-8379,24,여자,울산,남구 삼산동,그 외 일반 영업원,일반,2025-05-07
CDBBE6F88,오정율,010-2312-7459,27,남자,서울,용산구 후암동,광고 및 홍보 사무원,우수,2025-08-02
C3F653E22,임진란,010-9116-7684,22,남자,경기,수원시 영통구,사무 보조원,일반,2025-01-19
C462825F1,장나아,010-6599-1767,47,남자,경기,화성시 동탄,공군 장교,일반,2025-10-25
C2C6CF88C,김현율,010-4105-8512,39,여자,서울,용산구 청파동,사무 보조원,일반,2025-12-02
CCE47DEF8,정은경,010-4332-4488,23,남자,제주,제주시 노형동,영업 관리 사무원,일반,2024-06-23
C22D3DCB8,강진희,010-4963-9140,30,남자,대전,중구 은행동,건물 경비원,일반,2025-12-19
CA8EBE162,윤수빈,010-6384-5521,43,남자,대전,서구 둔산동,무직,일반,2025-01-20
C238AC123,김승아,,45,남자,경남,김해시 장유동,통계 사무원,우수,2025-11-22
C09C98BF7,김도준,010-5884-2993,23,남자,서울,마포구 서교동,철도운송 관련 종사원,일반,2024-12-26
C5EC64A01,문시영,010-8732-8321,65,남자,서울,송파구 잠실동,무직,일반,2025-07-16
CB4D919C5,이서아,010-6139-4209,32,남자,제주,제주시 노형동,학습지 방문강사,우수,2025-02-04
C5B860255,김윤원,010-6320-9428,25,남자,울산,남구 삼산동,생산관리 사무원,일반,2026-04-11
CDB8AE49A,강재율,010-6471-1385,35,여자,대구,수성구 범어동,무역 사무원,일반,2025-02-10
C625A20C7,홍호원,010-3166-6247,35,여자,광주,광산구 수완동,일반 비서,일반,2025-05-07
C4A990FC0,김규빈,010-6206-7637,40,여자,울산,중구 성남동,무직,일반,2024-11-27
C101077F7,박호란,010-9456-1507,43,남자,대구,북구 침산동,지게차 운전원,일반,2025-05-19
CA667E621,김민호,010-3477-6909,39,남자,경남,진주시 초전동,사무 보조원,일반,2025-01-09
CA811C1AF,이현경,010-2545-2031,78,남자,충북,충주시 연수동,사무 보조원,일반,2025-08-24
C782AFC6F,강재경,010-4049-9905,42,남자,서울,마포구 서교동,철도교통 관제사,일반,2025-01-29
CC089AF55,박수서,010-4313-5136,22,여자,대전,서구 둔산동,무직,일반,2025-07-10
C995150A2,김아우,010-7635-9476,45,여자,강원,원주시 무실동,마케팅 전문가,우수,2024-02-18
C5011830F,김태현,010-2441-7627,56,남자,경남,거제시 옥포동,전자계측 제어 기술자 및 연구원,일반,2024-01-20
C6EDB81C0,강태식,010-8477-1907,26,남자,인천,남동구 구월동,과학 교사,일반,2024-11-05
C68A50B5D,서영자,010-3338-8248,62,남자,서울,용산구 이태원동,무직,일반,2024-11-12
C160F7A75,박우희,010-7215-5465,27,남자,인천,연수구 송도동,경영 기획 사무원,우수,2024-04-18
CE98A36D0,박윤식,010-7710-2027,25,남자,경남,김해시 장유동,생산관리 사무원,VIP,2026-01-13
C3A712848,최지환,010-6139-4678,26,남자,대전,중구 은행동,무직,일반,2025-01-06
CD4B003D8,최정진,010-8428-3051,44,여자,경기,화성시 동탄,경영 컨설턴트,일반,2025-03-04
C7120FD0A,이승우,010-5615-5398,29,남자,울산,동구 방어동,사무 보조원,일반,2026-02-10
C0832D885,홍서진,010-2617-5829,25,남자,경남,김해시 장유동,철도운송 관련 종사원,일반,2024-05-02
C794F16E6,오서란,010-6809-7469,56,여자,경남,김해시 장유동,무직,일반,2024-10-03
C78FBB12F,정현경,010-5132-1144,52,남자,부산,부산진구 부전동,해병대 부사관,일반,2024-01-11
C3880B1DD,임우아,010-8781-3385,36,여자,대구,북구 침산동,무직,일반,2025-10-03
C403E7369,이주현,010-5977-9386,45,남자,대구,북구 침산동,철도운송 사무원,우수,2025-11-04
CEFB2FE4F,이윤자,010-8941-4782,21,남자,경북,안동시 옥동,판매 관련 관리자,일반,2024-02-01
C078127AE,홍아진,010-4317-6295,21,남자,울산,울주군 범서읍,무직,일반,2024-08-07
C99BA860C,이정서,010-4133-8338,55,남자,충북,청주시 흥덕구,사무 보조원,일반,2025-10-29
C44773A28,김나아,,34,여자,강원,속초시 조양동,경영 기획 사무원,일반,2026-02-01
C08D6A03D,이현철,010-7724-4448,33,남자,서울,용산구 이태원동,광고 전문가,우수,2024-03-04
CFAD55352,김연환,010-4893-8640,63,남자,서울,용산구 한남동,무직,일반,2025-05-31
CC1633F04,강규진,010-4852-5845,31,남자,대전,동구 가양동,기획 관리자,우수,2025-02-27
C8EC787C5,최채준,010-9415-7328,43,여자,울산,북구 명촌동,산업 안전원,일반,2025-01-17
C76651218,이규숙,010-8512-1544,54,여자,서울,은평구 응암동,무직,일반,2026-02-02
CBEA8586A,오예영,010-5414-4346,24,남자,부산,동래구 온천동,예약 및 접수 사무원,일반,2025-09-07
C788E0C28,이민자,010-7581-8406,34,남자,서울,강남구 역삼동,회계 사무원,일반,2024-06-03
CAA875EA8,박규자,010-3140-1534,35,남자,대전,동구 가양동,조사 전문가,VIP,2025-11-14
CFCC417C7,오은환,010-4401-1195,41,남자,전남,여수시 학동,무직,일반,2025-06-27
C79052336,이연호,,38,여자,경남,진주시 초전동,무직,일반,2024-03-29
CD902870B,이정숙,010-4878-7655,42,남자,대전,서구 둔산동,생산관리 사무원,일반,2024-06-27
C9E011E9D,이윤숙,,35,여자,대전,대덕구 송촌동,전화 상담원,일반,2024-12-12
C0574FA2F,김우율,010-5855-3394,30,남자,울산,울주군 범서읍,공군 부사관,우수,2025-02-17
C36A15E93,문준미,010-2446-3924,37,여자,서울,송파구 잠실동,마케팅 전문가,일반,2024-08-16
C65DDE40B,조도아,010-7977-1751,26,여자,경남,진주시 평거동,"전직 보육교사, 현재 구직중",일반,2025-04-07
CC19DBAC2,이채식,,24,남자,경남,창원시 성산구,공군 장교,일반,2024-10-11
C6DAD2ACD,박민호,010-6156-1277,30,여자,인천,서구 청라동,무직,우수,2025-12-21
CDFDEFC1A,백정서,010-6220-4780,61,남자,인천,서구 청라동,무직,일반,2024-04-28
C32CAE732,김성란,010-5856-8347,46,남자,경북,경주시 황성동,철도운송 사무원,일반,2026-04-02
C9AFB582F,김재현,010-7196-2522,36,여자,경남,진주시 충무공동,사무 보조원,일반,2025-02-02
C0016EC62,김진호,010-6231-4548,25,여자,경남,진주시 초전동,무직,일반,2025-08-09
C942A9BE7,황채철,010-3949-9368,27,남자,전북,군산시 나운동,교육 및 훈련 사무원,우수,2024-02-07
C1EB58EAE,최우란,010-4359-9263,53,남자,서울,마포구 서교동,사무 보조원,일반,2024-12-14
CFDE1F0DE,안주원,010-9959-1799,29,남자,대전,서구 둔산동,무직,일반,2024-05-20
C3611D9C5,이하서,010-6055-8996,37,남자,부산,해운대구 우동,상품 기획자,일반,2024-08-14
CED32B643,이준율,010-5416-8552,33,남자,제주,제주시 연동,자재 관리 사무원,일반,2024-02-20
CC4DB7593,최윤란,010-8402-3909,51,남자,부산,사하구 하단동,산업 안전원,일반,2024-10-30
C3309496C,정규준,010-8943-1169,42,남자,인천,남동구 구월동,전자계측 제어 기술자 및 연구원,일반,2025-08-23
CA65E724A,이도서,010-7351-7827,38,남자,광주,광산구 수완동,경영 기획 사무원,일반,2025-10-03
C096408C2,홍태경,010-3787-7115,47,여자,경남,거제시 고현동,공연·영화 및 음반 기획자,일반,2025-06-05
CBA19DF5B,최나란,010-3139-7442,27,남자,인천,연수구 송도동,일반 비서,일반,2024-11-02
C9FB86609,최아철,010-6425-6486,31,여자,부산,해운대구 우동,마케팅 전문가,일반,2025-03-10
C640E4879,안규호,010-2537-8632,52,남자,경남,진주시 평거동,사무 보조원,일반,2025-12-03
C41E74917,최아원,010-5290-9409,35,남자,대전,유성구 봉명동,철도교통 관제사,일반,2025-04-11
C7C5E2AF9,박우미,010-7101-4058,36,남자,부산,해운대구 우동,영업 관리 사무원,일반,2026-02-16
CF44CC97A,김태연,010-5326-1623,62,여자,울산,중구 성남동,사무 보조원,일반,2024-09-07
C6F3EC86B,전연아,010-6157-6249,58,여자,서울,노원구 상계동,경리 사무원,일반,2025-02-13
C3E9F0BA3,정정란,,52,남자,대전,중구 은행동,도로운송 사무원,일반,2025-04-09
C960D01A7,박주환,010-7076-2255,43,여자,부산,해운대구 우동,마케팅 전문가,일반,2026-03-23
C8F84D295,이유희,010-4113-1781,27,남자,대전,유성구 봉명동,무직,우수,2024-05-04
C4C8940C3,이도아,010-8250-8245,25,남자,전남,목포시 하당,무직,우수,2025-11-25
C8E505297,이나아,010-6282-4848,26,여자,울산,울주군 범서읍,사무 보조원,일반,2025-03-14
CBA5491AF,정아서,010-8903-4949,30,남자,울산,북구 명촌동,조사 전문가,일반,2025-03-22
C41BD1F19,최유희,010-5693-6227,22,여자,경남,거제시 옥포동,조사 전문가,일반,2025-12-03
CDBF463CD,김성철,010-2538-8952,20,남자,울산,북구 명촌동,생산관리 사무원,일반,2024-06-28
CEAA2AE2B,이우경,010-4509-9333,25,남자,서울,송파구 잠실동,무직,일반,2025-03-12
C5CBFD64D,김도서,010-7807-3367,34,남자,경남,김해시 장유동,건물 내 전기 설치 및 정비원,VIP,2025-03-06
C4D159EEA,이성현,010-3392-1613,55,남자,경남,거제시 고현동,생산관리 사무원,우수,2025-02-24
CC30A8F09,송재원,010-7748-1691,62,남자,경남,김해시 장유동,무직,일반,2025-12-13
C7B674E9D,이지호,010-8180-3465,59,남자,울산,중구 성남동,마케팅 전문가,일반,2025-10-02
C38600809,김서아,010-4106-7661,26,여자,경기,부천시 원미구,유치원 교사,일반,2025-09-19
CFBAE3558,이서빈,010-6859-5175,33,여자,경기,남양주시 다산동,무직,우수,2024-09-14
C1EF6CAB6,정현숙,010-4131-4775,35,여자,울산,남구 옥동,상품 기획자,일반,2025-05-10
C0E684E7F,한채숙,010-9937-2312,54,여자,충남,서산시 동문동,공공행정 사무원,우수,2024-06-21
C68858BB6,오승호,010-3749-6081,26,여자,서울,용산구 청파동,무직,일반,2025-11-27
C43460007,김준자,010-8235-1991,29,여자,제주,서귀포시 중문동,일반 비서,우수,2025-09-28
C7EFE86EF,조나아,010-6554-1017,20,남자,울산,남구 삼산동,무직,일반,2024-08-15
C0EEEBDB2,이태아,010-5117-2952,33,남자,경기,용인시 기흥구,무직,우수,2026-02-08
C99DFCC37,이서경,010-8483-2964,44,여자,경기,용인시 기흥구,무직,일반,2025-12-21
CF40EED8E,이서진,010-8973-2137,41,남자,경남,거제시 고현동,경영 컨설턴트,우수,2024-01-28
CA1EC6039,김유율,010-8577-3673,30,여자,부산,사하구 하단동,"전직 판매 관련 관리자, 현재 구직중",일반,2024-06-12
CCFDE1786,윤예아,010-5651-3435,51,여자,대전,동구 가양동,마케팅 전문가,일반,2026-03-01
C7B9DE7CA,김성아,010-2835-5342,19,남자,울산,울주군 범서읍,무직,우수,2025-06-27
CF735909D,이민숙,,41,남자,대전,유성구 노은동,그 외 일반 영업원,일반,2024-03-31
CBD5E7CA6,이호빈,010-3768-6305,27,여자,울산,남구 삼산동,일반 비서,일반,2026-01-26
C66933097,조수란,010-2377-6313,27,여자,대전,동구 가양동,무직,일반,2024-08-05
C964A71CD,김정호,010-5496-3802,19,남자,울산,중구 성남동,무직,일반,2026-03-11
CE216882D,박윤철,010-2755-2337,31,여자,서울,송파구 잠실동,유치원 교사,일반,2026-02-14
C711DB9A8,김하빈,010-5067-1885,56,여자,충북,제천시 하소동,위험 관리원,일반,2025-03-06
C3FE6A3FB,이서현,010-6022-9128,22,남자,경기,부천시 원미구,사무 보조원,일반,2024-03-10
CE9F87781,안호원,010-9410-7692,35,남자,서울,용산구 청파동,철도교통 관제사,일반,2025-07-01
C34B41461,유영철,010-8735-3448,25,남자,전남,여수시 학동,무직,우수,2025-03-27
C6B6819DF,강승환,010-9884-8255,53,남자,서울,노원구 상계동,무직,우수,2024-02-19
C5C9F0E80,최준경,010-6488-7154,47,여자,부산,동래구 온천동,보육교사,일반,2025-06-18
CBD4EEC2F,박유환,010-9800-3626,21,남자,경남,김해시 장유동,"전직 경영 컨설턴트, 현재 구직중",일반,2024-08-16
C3AE25DC3,강승호,010-2579-4734,24,남자,경남,거제시 장승포동,산업 안전원,일반,2025-08-13
C88AF91AB,박하준,010-7676-6214,33,남자,경남,창원시 성산구,특허 사무원,일반,2024-11-12
C3883FDC0,이영자,010-3322-4087,47,남자,경남,진주시 초전동,경리 사무원,우수,2025-02-06
CE80CCBF0,오태미,010-8082-6074,38,남자,경남,김해시 장유동,무역 사무원,일반,2024-04-12
C7CCCC2A9,장규현,010-2780-2823,20,여자,전남,순천시 조례동,무직,일반,2025-07-07
C77E9E228,이준현,010-8785-1324,56,여자,경기,용인시 기흥구,무직,일반,2025-11-18
CBC66CB45,이수서,010-4021-7309,52,남자,경남,거제시 옥포동,자재 관리 사무원,일반,2025-03-31
C9033DFF6,강시원,010-9566-2010,34,남자,서울,용산구 원효로1가,조사 전문가,일반,2026-01-31
C06436893,김시준,010-7605-4781,27,남자,서울,용산구 후암동,"전직 공군 장교, 현재 구직중",일반,2026-04-04
C2AB7A0E7,이영연,010-8405-7834,30,남자,경남,창원시 성산구,자재 관리 사무원,VIP,2025-08-05
CEA670F8C,김진율,010-8210-2657,25,여자,부산,해운대구 우동,무직,일반,2024-02-17
CBDBB1FCD,오서철,010-7975-4431,30,남자,경남,양산시 물금읍,상품 기획자,일반,2024-12-28
C6E9F1D26,이유율,010-5120-7953,48,여자,경기,부천시 원미구,전기계측 제어 기술자 및 연구원,일반,2025-03-01
CDC084D16,백수환,010-9841-1495,37,남자,서울,송파구 잠실동,철도운송 관련 종사원,일반,2024-12-12
C05ED114C,이진연,010-3727-9902,57,남자,서울,강남구 역삼동,무직,일반,2024-10-14
C2A40795A,이유원,010-4369-7962,23,남자,서울,용산구 이태원동,수동 포장원,일반,2024-10-16
C88F86162,최진식,010-4578-5395,32,남자,대구,수성구 범어동,품질 관리 사무원,일반,2026-03-15
C9B86C830,정유아,010-3383-3017,53,남자,경기,부천시 원미구,경영 기획 사무원,일반,2024-07-10
CBC52CDCF,김윤우,010-2647-3536,37,여자,부산,부산진구 부전동,일반 비서,일반,2024-06-16
C142F3BCB,김아철,010-7067-9476,26,여자,경남,진주시 충무공동,무직,일반,2026-04-15
CD2FBC3F5,한수영,010-7692-3129,45,여자,경남,진주시 초전동,사무 보조원,일반,2025-10-18
C8A227D2F,김영경,010-4173-6937,49,여자,대전,중구 은행동,사무 보조원,일반,2026-03-17
CFC391AA5,조재환,010-5875-3808,29,남자,경기,고양시 일산동구,육상운송 관련 관리자,일반,2025-04-07
C8529ABF7,임유우,010-8726-8417,63,여자,대전,대덕구 송촌동,무직,VIP,2025-06-03
C1F1656F4,김호아,010-2348-3829,53,남자,경남,진주시 평거동,경영 컨설턴트,일반,2025-03-17
C257711D3,허진영,010-4004-2865,24,남자,제주,서귀포시 중문동,무직,VIP,2024-11-20
C2F9F7382,최재원,010-7416-3512,40,여자,부산,사하구 하단동,무직,일반,2024-04-15
CF6A64786,최지호,010-2075-3576,25,남자,경기,성남시 분당구,일반 비서,일반,2025-01-25
C16B8F7F7,김예서,010-8409-5265,47,남자,경남,양산시 물금읍,통계 사무원,일반,2024-08-24
C50EF6546,송윤율,010-9792-6074,43,남자,울산,남구 옥동,경영 기획 사무원,일반,2024-07-04
C124F3EAA,황아영,010-9849-5877,29,남자,전남,여수시 학동,사무 보조원,일반,2025-02-24
C123B5421,안준희,010-3438-9512,34,여자,충남,서산시 동문동,관리 비서,일반,2024-07-10
C6AFB8A38,이현연,010-8995-6905,56,여자,서울,은평구 응암동,시설 경비원,일반,2025-01-06
C5DB023AF,김정원,010-4488-1118,28,남자,경남,양산시 물금읍,무직,일반,2025-11-21
C18E8CC96,이지영,010-5239-4180,26,남자,울산,남구 삼산동,사무 보조원,일반,2024-01-28
C27C7DAD7,강규준,010-3991-4396,38,여자,서울,용산구 이태원동,공공행정 사무원,일반,2025-11-08
C02B565C7,김시서,010-6470-5581,91,여자,인천,남동구 구월동,무직,일반,2025-10-17
C29D7490B,정유자,010-7273-2663,28,여자,울산,북구 명촌동,무직,일반,2024-05-22
CBB9E44D2,최예아,010-8565-3641,38,여자,서울,송파구 잠실동,사무 보조원,일반,2024-08-28
C8161C26F,이윤미,010-5819-9360,24,남자,대전,중구 은행동,"전직 총무 사무원, 현재 구직중",일반,2025-03-17
CA351B918,박호미,010-4406-5327,22,여자,인천,부평구 부평동,지방행정 사무원,일반,2024-11-26
CC4FD5289,고승진,010-3612-8111,21,여자,경남,거제시 장승포동,무직,우수,2024-08-27
C936DD66E,김지준,010-7492-7935,26,남자,경남,창원시 성산구,컴퓨터 시스템 설계 및 분석가,우수,2024-11-19
C12D385BE,장윤희,010-8811-7038,59,남자,서울,용산구 후암동,철도운송 관련 종사원,우수,2025-08-30
C268C8CBD,김주연,010-2060-5411,76,여자,서울,노원구 상계동,전화 상담원,일반,2026-02-15
CA4A8B34F,김서숙,010-8167-3654,46,여자,울산,남구 삼산동,"전직 텔레마케터, 현재 구직중",일반,2024-11-26
CE26A926B,이호진,010-4866-3672,60,여자,경기,수원시 영통구,무직,일반,2025-03-28
CFC4D6EBF,윤예란,010-6999-1948,56,남자,충남,당진시 수청동,플랜트공학 기술자 및 연구원,일반,2025-04-18
C964587C1,임도환,010-3697-8863,26,남자,서울,은평구 응암동,정보 시스템 운영자,일반,2025-01-11
CFA11B6FF,이호란,010-2844-4422,54,여자,서울,노원구 상계동,고속철 기관사,일반,2026-03-10
C6E85BF03,이호자,010-4988-4866,30,여자,부산,사하구 하단동,일반 비서,일반,2024-07-31
C2ADAC784,이수호,010-7571-1576,22,남자,울산,남구 삼산동,경영 기획 사무원,일반,2024-06-11
C5A834CE1,이우우,010-8772-4067,29,여자,대구,수성구 범어동,무직,일반,2025-12-14
C355A626E,박아원,010-5846-2254,37,남자,부산,부산진구 부전동,철도운송 관련 종사원,우수,2025-09-25
C698B35E0,허민율,010-5503-5583,49,여자,경기,화성시 동탄,무직,일반,2024-11-18
C1E27C84B,박영서,010-9707-2449,24,여자,대전,유성구 노은동,일반 비서,일반,2025-01-15
CE5297175,최주호,010-9815-1412,32,남자,울산,동구 방어동,자재 관리 사무원,VIP,2026-03-25
C8D91A1AE,이하빈,010-5665-7014,25,남자,대구,수성구 범어동,품질 관리 사무원,일반,2024-01-04
CD320C09F,박연준,010-3610-5548,25,여자,제주,제주시 연동,조사 전문가,일반,2026-01-09
C04F94574,강재희,010-7278-3269,51,남자,경기,수원시 영통구,생산관리 사무원,일반,2024-01-21
C102148DA,이예원,010-6516-4448,30,남자,서울,용산구 이태원동,철도운송 관련 종사원,일반,2024-09-19
C21A998D0,조현빈,010-3693-8111,52,남자,대전,중구 은행동,시설 경비원,일반,2025-12-20
CC184A485,김성자,010-7805-4954,32,남자,부산,동래구 온천동,철도교통 관제사,일반,2025-09-04
C8D3D00A2,정규숙,010-6731-6075,27,남자,전북,군산시 나운동,무직,일반,2024-03-12
C6D84E00A,김준영,010-6743-9800,41,여자,경남,거제시 장승포동,사무 보조원,일반,2026-02-21
CBE63CB2D,강유식,010-4816-3117,29,남자,서울,용산구 청파동,생산관리 사무원,일반,2026-01-09
C1461BD7E,최승율,010-3279-9449,24,여자,서울,용산구 원효로1가,학습지 방문강사,우수,2026-01-13
C5589EF4D,조윤숙,010-4555-7420,23,남자,경기,수원시 영통구,생산관리 사무원,일반,2024-02-23
CCBA7C928,박재희,010-8722-1425,52,여자,광주,서구 치평동,무직,일반,2025-12-10
C702C4381,이호숙,010-4538-6698,39,남자,대전,유성구 봉명동,무직,우수,2025-02-17
C00A15A50,윤주진,010-7638-4045,19,남자,경기,남양주시 다산동,전화 상담원,우수,2025-08-17
C812C3E36,김규진,010-7543-8384,23,여자,세종,새롬동,관리 비서,일반,2024-09-21
CD2876E43,김서원,010-9140-8553,41,남자,인천,남동구 구월동,그 외 기획 및 마케팅 사무원,일반,2024-10-20
CCE84C22F,김성원,010-3421-8778,61,여자,대구,수성구 범어동,무직,일반,2026-03-23
C292523D7,이정미,010-8396-3212,39,여자,서울,용산구 한남동,일반 비서,일반,2025-10-03
C404E1E82,김재환,010-2738-5423,34,남자,서울,용산구 이태원동,관리 비서,우수,2025-08-20
CFF5ACF04,이지빈,010-2451-9278,35,여자,충북,충주시 연수동,사무 보조원,일반,2024-10-02
CA1183266,박준준,010-3584-6130,53,여자,경기,고양시 일산동구,일반 비서,우수,2025-09-17
CD5BB30DE,박지희,010-6251-6047,23,남자,서울,은평구 응암동,공군 부사관,일반,2025-03-28
CFD69B19B,김나자,010-4358-6641,41,여자,경남,거제시 고현동,상품 기획자,VIP,2025-08-30
C704105DD,오하진,010-2654-8294,28,남자,울산,남구 삼산동,일반 비서,일반,2026-03-01
C37C8AD1B,김아현,010-2645-3285,26,남자,충남,천안시 서북구,철도교통 관제사,일반,2024-03-28
CD0C9CCE0,정규미,010-6689-2823,43,남자,대전,유성구 봉명동,시장 및 여론 조사 관리자,일반,2025-06-13
CCB11924B,김은원,010-5936-9641,34,남자,충북,제천시 하소동,사무 보조원,일반,2024-03-06
C61AC1437,김윤란,010-8498-5809,40,여자,경남,거제시 장승포동,무직,일반,2026-01-20
CABBCE3ED,최지빈,,34,남자,경기,용인시 기흥구,생산관리 사무원,일반,2024-08-15
CEF9E5FD3,김태미,010-2400-6415,32,남자,경기,용인시 기흥구,영업 관리 사무원,우수,2025-04-14
C6938BB54,김지호,010-7280-3107,33,남자,충북,제천시 하소동,사무 보조원,일반,2024-01-24
C1A5C77AE,정채미,010-6838-7919,54,남자,부산,사하구 하단동,품질 관리 사무원,일반,2026-02-19
CC040DA52,이도율,010-4740-6483,29,여자,경남,창원시 성산구,무직,일반,2025-10-31
CDF0877C1,김은철,010-7088-9638,48,여자,강원,원주시 무실동,사무 보조원,일반,2025-01-24
CCEAB9A05,임나란,010-2858-4511,22,여자,대전,대덕구 송촌동,사무 보조원,일반,2024-04-14
C3912C60F,강진희,010-8613-5852,36,여자,세종,새롬동,상품 기획자,일반,2025-11-01
C6D2A4808,이아자,010-3118-5136,53,남자,경북,경주시 황성동,무직,일반,2025-12-09
CA01E2806,강아연,010-2848-7153,29,남자,대구,달서구 상인동,병무행정 사무원,일반,2025-08-09
C09B934E8,이서호,010-8308-2319,57,남자,서울,마포구 서교동,전화 상담원,우수,2026-02-13
C284C8539,류시우,010-5881-6638,38,남자,대전,중구 은행동,병무행정 사무원,일반,2024-10-02
CA6983046,윤아숙,,29,여자,경기,성남시 분당구,조경감리 기술자,일반,2026-03-01
C93744420,박주자,010-4624-3793,45,남자,경남,창원시 성산구,비행기 조종사,VIP,2025-05-13
C003F2642,김수철,010-6645-8090,65,남자,경기,부천시 원미구,사무 보조원,일반,2024-03-21
C81DEFCF7,김나준,010-3305-3453,44,남자,충남,아산시 배방읍,조사 전문가,일반,2024-12-22
C955174F6,강나연,010-8317-9085,29,남자,대전,중구 은행동,경영 기획 사무원,우수,2024-10-23
C4F9F02A3,김시경,010-3937-1045,19,남자,부산,사하구 하단동,무직,일반,2026-01-06
CE168433A,이현숙,010-7852-3183,27,여자,경기,수원시 영통구,무직,일반,2024-07-20
CC0F113CE,김예란,010-5370-6040,58,남자,경남,창원시 성산구,통신장비 기사,일반,2026-02-05
C212B36F4,정도아,010-3112-3675,43,남자,서울,용산구 원효로1가,엘리베이터 설치 및 정비원,일반,2025-01-12
C29AA50BF,김재미,010-8633-1981,51,남자,경남,거제시 장승포동,공공행정 사무원,일반,2024-02-11
C29EA383A,이서미,010-8335-1609,38,남자,울산,중구 성남동,무직,VIP,2025-12-20
C93401CC5,박호아,010-8119-8844,24,남자,서울,은평구 응암동,경영 컨설턴트,일반,2025-08-25
CA596C04F,허수자,010-6446-6879,43,남자,울산,북구 명촌동,사무 보조원,일반,2024-04-07
CDA1A69CB,김태란,010-9568-3876,42,여자,경남,진주시 충무공동,보육교사,일반,2025-01-13
CB593B690,김윤경,010-7860-4555,25,여자,대전,서구 둔산동,무직,일반,2024-06-05
C4E666C2A,김현준,010-8955-4863,81,남자,경기,성남시 분당구,무직,일반,2025-05-21
C094A3684,안재아,010-8942-3892,20,여자,울산,동구 방어동,조사 전문가,일반,2024-05-21
CF727F752,정승우,010-2255-4830,48,여자,전북,전주시 덕진구,무직,일반,2024-07-16
CDE523539,이우영,010-4148-5649,25,여자,대전,동구 가양동,무직,일반,2024-11-29
CFE4920C9,배아연,010-8439-7388,71,남자,인천,연수구 송도동,그 외 기획 및 마케팅 사무원,일반,2026-04-22
CAD8E10D9,조채우,010-8610-9404,30,남자,경기,부천시 원미구,통신기술 기술자 및 연구원,일반,2025-06-02
C5972ABFE,문정연,010-9657-5494,25,남자,울산,남구 옥동,무직,일반,2025-05-04
CAB18CAFD,한우숙,010-9286-6605,44,남자,인천,남동구 구월동,철도운송 관련 종사원,일반,2025-07-06
C0DEA4E9E,백하호,010-9614-5977,62,여자,전남,순천시 조례동,무직,일반,2024-04-28
C616B1245,정진철,010-6462-6074,37,여자,도서산간,백령도 진촌리,총무 사무원,일반,2024-01-19
C903558B3,강서희,010-7310-6424,56,남자,인천,남동구 구월동,금형공학 기술자 및 연구원,우수,2024-11-01
CFE79FC8A,송우식,010-8007-2858,46,남자,경기,고양시 일산동구,관리 비서,일반,2025-08-28
CB6A4C007,이정희,010-6246-6237,28,여자,강원,원주시 무실동,일반 비서,우수,2025-11-04
CF1C330AC,김승진,010-7949-6275,43,여자,경기,고양시 일산동구,일반 비서,우수,2026-04-28
C0296DF5A,손연식,010-5952-4222,59,남자,서울,용산구 한남동,그 외 서비스 관련 단순 종사원,우수,2024-04-24
CA2A6ED3C,김아율,010-7645-1373,43,여자,서울,용산구 한남동,무직,일반,2025-09-21
CE2567483,이지우,010-4167-8963,35,남자,대전,동구 가양동,그 외 금속·재료 공학 기술자 및 연구원,일반,2025-09-02
C5CB1FBF3,김진자,010-6422-1199,69,남자,대전,서구 둔산동,무직,일반,2024-06-21
C5F2177D0,임채우,010-8696-9532,28,여자,서울,은평구 응암동,마케팅 전문가,일반,2024-05-11
C7FCDF6EB,장나원,010-3388-3959,48,남자,충북,충주시 연수동,소규모 상점 경영자,우수,2025-06-25
CEDBD7B92,김도호,010-8933-5896,26,남자,제주,제주시 노형동,철도교통 관제사,우수,2025-09-25
CBF638A66,안은식,010-9580-9018,34,남자,서울,강남구 역삼동,자재 관리 사무원,일반,2026-04-17
C0102186A,이성서,010-6027-4901,49,남자,서울,은평구 응암동,무직,일반,2024-11-06
C7D056059,이유원,010-6198-3080,59,여자,경기,용인시 기흥구,웨딩플래너,일반,2024-05-19
C82217638,손재진,010-6200-4887,39,남자,서울,용산구 후암동,연예인 매니저,일반,2025-05-30
C7796B324,김도현,,44,남자,경기,수원시 영통구,무직,VIP,2025-03-18
CA13CC978,김지진,010-8915-1249,39,남자,서울,송파구 잠실동,도로운송 사무원,우수,2025-04-08
C58A7CAC8,김채자,010-3735-6759,36,남자,광주,서구 치평동,기업 고위 임원,일반,2025-02-10
CAB692E8B,이윤준,010-8073-1464,48,남자,광주,광산구 수완동,무직,일반,2024-10-15
CD804CBEB,고은우,010-7895-8488,27,남자,경기,고양시 일산동구,전도사,우수,2025-03-28
C56F3DE91,이나호,010-9262-7363,36,남자,강원,춘천시 퇴계동,지방행정 사무원,VIP,2024-09-13
CFF26F44F,백우현,010-6962-7253,23,여자,서울,용산구 이태원동,예약 및 접수 사무원,일반,2025-12-27
C4D22026A,조영율,010-5322-2209,40,여자,경기,화성시 동탄,무직,VIP,2024-05-14
C347E1234,손영미,010-8088-9985,48,여자,대구,달서구 상인동,토목시공 기술자,일반,2024-06-15
C0633BCD3,이연환,010-2575-2098,77,여자,경북,구미시 인동,마케팅 전문가,일반,2026-01-21
C57285F15,서지영,,22,남자,대전,대덕구 송촌동,자재 관리 사무원,우수,2025-03-02
CCE3AEE98,이하미,010-3304-1488,25,여자,충남,천안시 서북구,유치원 교사,일반,2026-02-12
CC5CFC3A6,손주준,010-4262-9436,72,남자,인천,남동구 구월동,무직,일반,2025-01-10
C922DA73F,오호식,010-5717-5984,34,여자,대구,달서구 상인동,영업 관리 사무원,우수,2025-08-26
C417D0795,임나진,010-7894-7101,26,남자,대구,수성구 범어동,품질 관리 사무원,우수,2025-07-10
CE41FED7D,김정영,010-4556-8063,33,여자,인천,연수구 송도동,무직,우수,2025-11-23
CE1F67DF0,김태숙,010-7117-1935,40,남자,울산,동구 방어동,무직,우수,2025-02-15
C61FE1314,이준진,010-7709-8076,44,여자,경남,양산시 물금읍,"전직 학습지 방문강사, 현재 구직중",일반,2026-04-13
C102862B3,박도진,010-8053-6514,47,남자,전북,군산시 나운동,플랜트공학 기술자 및 연구원,일반,2025-07-26
C2CFD1F25,오수호,010-5070-5158,55,남자,경남,거제시 고현동,무직,일반,2024-12-22
CB10EF960,정주율,010-6838-1017,26,여자,인천,부평구 부평동,무직,일반,2024-08-18
CDCA47784,류시식,010-3226-6170,48,남자,경남,창원시 성산구,무직,우수,2024-03-27
C7CA2678F,김하연,010-7333-3251,62,남자,울산,남구 옥동,마케팅 전문가,우수,2024-10-03
CFBCE2B3E,김나아,010-2774-3681,21,여자,서울,용산구 한남동,무직,일반,2025-12-12
C7BE7B1DD,강성희,010-4152-6415,46,남자,충남,서산시 동문동,플랜트공학 기술자 및 연구원,일반,2024-12-13
CEE9504EA,홍우식,010-2619-1057,42,남자,서울,노원구 상계동,경·소형 화물차 운전원,우수,2025-12-13
CBACCD83F,김성희,010-7031-8427,22,남자,대구,북구 침산동,자재 관리 사무원,우수,2024-12-26
CE65CF329,신나원,010-8015-2189,53,남자,서울,강남구 역삼동,사무 보조원,우수,2024-09-13
C18D588D1,임성희,010-3272-1122,38,남자,대전,서구 둔산동,시설 경비원,일반,2024-06-17
CFF523681,황현연,010-6471-3088,23,여자,부산,동래구 온천동,일반 비서,우수,2026-01-14
C8F5970B9,김연현,010-6291-5042,31,여자,경기,남양주시 다산동,음식 서비스 종사원,VIP,2025-10-16
CA84FC9C1,문채식,010-6505-3909,63,남자,대전,유성구 봉명동,육군 장교,우수,2025-11-27
C2FC3440C,김우철,010-3739-1291,29,여자,서울,송파구 잠실동,사무 보조원,일반,2026-01-26
CDF18D549,장우영,010-4723-5281,28,남자,부산,부산진구 부전동,무직,일반,2025-05-04
CF0099E30,배주란,010-4863-7644,41,여자,경남,진주시 초전동,공공행정 사무원,일반,2024-11-08
C357FBA9F,송승영,010-9298-3142,42,남자,경기,수원시 영통구,상품 기획자,일반,2024-05-30
C18A3EC41,최현철,010-5220-7282,67,여자,전북,익산시 영등동,무직,우수,2025-09-24
C6047CAF5,안정철,010-8162-8736,59,여자,울산,울주군 범서읍,무직,우수,2025-11-23
CA7A10A3D,김유호,010-3650-1975,47,여자,세종,조치원읍,전화 상담원,일반,2025-10-10
CE61BD650,김시연,010-5670-9042,40,여자,울산,중구 성남동,교육 및 훈련 사무원,일반,2024-04-16
CA8DF611B,신재미,010-9310-7187,21,남자,대전,동구 가양동,생산관리 사무원,일반,2024-12-09
C635C5927,김성연,010-9140-9611,24,남자,경기,남양주시 다산동,무직,우수,2024-11-25
C525B5500,안도경,010-7673-4176,33,남자,전남,목포시 하당,생산관리 사무원,일반,2025-03-31
CD18AA03D,이하희,010-5702-5397,46,남자,울산,울주군 범서읍,경영 기획 사무원,우수,2025-05-06
C79734C51,이승우,010-5947-2809,63,여자,전남,목포시 하당,무직,일반,2026-01-24
CEDA200DF,김나철,010-5072-7648,26,여자,경남,진주시 평거동,무직,일반,2025-01-25
CBFBB184F,류정자,010-6964-9376,45,남자,제주,서귀포시 중문동,무직,일반,2026-01-15
CF6C0DC19,강서율,010-2373-4235,23,남자,부산,동래구 온천동,"전직 행사 및 홍보 도우미, 현재 구직중",일반,2025-11-16
C51E34555,장승영,010-6739-6137,62,남자,대전,대덕구 송촌동,영업 관리 사무원,일반,2025-04-30
C23550C5D,권준영,010-9533-4324,29,남자,전북,익산시 영등동,사무 보조원,일반,2026-03-25
C4A0E51A1,박영연,010-3455-9406,36,남자,울산,울주군 범서읍,철도운송 관련 종사원,일반,2025-10-22
CDC33A9E5,신지아,010-5564-5253,20,여자,대전,유성구 노은동,"전직 관리 비서, 현재 구직중",일반,2024-02-26
C3544740B,정현연,010-7673-5503,61,남자,경남,창원시 성산구,그 외 금융 사무원,일반,2025-09-17
C8DC413E5,김진숙,010-5569-6680,40,남자,울산,남구 삼산동,무직,일반,2026-03-25
C8EDF7C08,김재희,010-6256-9355,22,여자,강원,춘천시 퇴계동,무직,일반,2024-09-08
C0136A68D,김태호,010-8802-2891,36,여자,서울,용산구 원효로1가,경영 기획 사무원,일반,2025-02-22
C25B74EA8,이하원,010-9363-5595,31,남자,경남,진주시 초전동,무직,일반,2024-08-22
CB79A58DC,이나빈,010-7089-9189,65,남자,경남,거제시 장승포동,철도운송 관련 종사원,우수,2024-08-08
C773D1122,서진빈,,48,남자,충북,제천시 하소동,기업 고위 임원,일반,2026-03-11
C5C1CD8D5,신우율,010-6693-9075,80,여자,경기,남양주시 다산동,무직,일반,2025-02-09
CA7063596,문지준,010-3693-9156,46,남자,충북,청주시 흥덕구,교통안전 연구원,일반,2024-11-03
C99096780,이지현,010-9172-6198,23,여자,전남,목포시 하당,사무 보조원,일반,2026-02-12
C3F7E3CB6,이준아,010-5489-2455,39,남자,인천,부평구 부평동,경리 사무원,일반,2024-07-30
C93EEDA55,강지영,,36,여자,서울,강남구 역삼동,무직,일반,2025-02-12
C7EC5E4F3,오재율,010-4342-5414,51,남자,인천,서구 청라동,자재 관리 사무원,일반,2025-01-03
CFEB68324,김주희,010-3349-2781,26,여자,서울,용산구 후암동,무직,일반,2024-08-28
CEAB145E9,임현호,010-5470-8307,34,여자,울산,울주군 범서읍,범용 소프트웨어 프로그래머,일반,2025-12-07
CD39AA131,홍성경,010-4912-3831,39,여자,충북,청주시 흥덕구,무직,VIP,2024-07-26
C90200568,조나경,010-7011-9611,39,여자,대전,동구 가양동,공공행정 사무원,일반,2026-01-19
C8205C165,이연연,010-3389-9866,31,여자,대전,유성구 봉명동,사무 보조원,일반,2024-08-02
C1DE3D8A9,정윤원,010-3193-1500,68,남자,경기,용인시 기흥구,사무 보조원,일반,2024-02-06
C321C540F,배윤준,010-3659-5221,21,남자,서울,강남구 역삼동,관세행정 사무원,일반,2024-04-24
CEB61B278,오승준,010-3445-9895,21,여자,경기,화성시 동탄,무직,일반,2025-06-16
C72BCF30D,박수희,010-4491-7726,24,남자,서울,강남구 역삼동,생산관리 사무원,일반,2025-03-31
C1BBCEBE2,박주빈,010-8845-9193,24,남자,전북,익산시 영등동,농업용 기계장비 기술 영업원,일반,2024-01-17
C88B4F715,권성원,010-3520-5678,32,남자,서울,은평구 응암동,산업용로봇 조작원,일반,2024-02-25
CBD79DF4B,서재호,010-8238-7718,44,여자,충남,아산시 배방읍,도로운송 사무원,우수,2024-09-11
CC4939EF0,신유현,010-7788-7010,48,여자,경남,양산시 물금읍,사무 보조원,일반,2025-02-22
CE1F62419,이아율,010-2279-3876,58,여자,강원,강릉시 교동,시설 경비원,우수,2024-01-21
C72D70F44,김성율,010-8755-5334,36,남자,강원,속초시 조양동,무직,일반,2024-08-12
CFEF9E609,김정우,010-9131-3895,40,남자,서울,마포구 서교동,공공행정 사무원,일반,2024-08-13
CFC79D707,양서영,010-5797-3034,38,남자,서울,마포구 서교동,교육 및 훈련 사무원,일반,2026-03-30
C204E75FF,조민현,010-6262-6515,37,남자,전북,익산시 영등동,무직,일반,2024-10-11
CB019A195,정서영,010-8840-3097,56,여자,경기,용인시 기흥구,해외 영업원,우수,2026-01-10
CD5A4BC31,임성희,010-2385-6118,25,여자,경남,김해시 장유동,사무 보조원,VIP,2025-03-18
C03256092,양도경,010-4770-5984,50,남자,부산,동래구 온천동,무직,일반,2024-10-04
CBDE34D25,오유우,010-7800-9946,27,여자,경기,성남시 분당구,무직,일반,2024-01-15
CD4E66FA5,홍시미,010-2648-6459,31,여자,서울,용산구 이태원동,무직,일반,2026-03-30
C10BD07B7,임재란,010-9091-4302,65,여자,경북,포항시 남구,무직,일반,2025-07-01
C50E29085,이아숙,010-2487-4610,28,여자,서울,은평구 응암동,무직,일반,2025-05-22
CA35D4A51,임주식,010-4953-7906,78,여자,서울,마포구 서교동,무직,일반,2025-09-13
C6B532B4D,김하란,010-4380-2745,59,남자,울산,동구 방어동,무직,일반,2025-04-18
C793EC812,김은진,010-2960-1954,37,남자,서울,용산구 원효로1가,무직,VIP,2025-02-25
CBDDAB22E,김예서,010-8736-7222,38,남자,경남,거제시 장승포동,도로운송 사무원,일반,2025-07-06
CB3DB8A05,김지아,010-4079-8674,39,여자,경북,경주시 황성동,무직,일반,2024-08-18
C8F2EE114,김재철,010-8850-2865,47,여자,전남,여수시 학동,위험 관리원,일반,2025-06-03
C591B06F2,김호자,010-6543-8030,29,여자,경기,부천시 원미구,무직,일반,2025-09-05
C990E94C6,박우진,010-6121-5749,54,남자,충남,당진시 수청동,무직,우수,2025-08-30
CF783C02C,김민호,010-3316-3163,53,여자,경남,거제시 장승포동,무직,일반,2024-06-30
C713DB183,김우진,010-9656-7827,19,남자,경기,화성시 동탄,무직,일반,2025-09-15
C97783300,김재철,010-5891-6302,33,여자,제주,서귀포시 중문동,사무 보조원,일반,2024-08-19
C11F5EBCE,김성미,010-8711-8581,20,남자,전남,여수시 학동,교육 및 훈련 사무원,일반,2024-09-05
CD626C75C,안유우,010-3656-1684,28,남자,서울,용산구 이태원동,인사 및 노무 사무원,일반,2026-01-28
C4B3E2F79,정나빈,010-9620-8969,37,여자,광주,북구 운암동,관리 비서,일반,2024-03-26
C5611F9D6,최윤율,010-8520-3311,29,여자,경남,거제시 장승포동,공공행정 사무원,일반,2025-01-14
C65E9349B,김재아,010-6449-2556,20,남자,서울,은평구 응암동,도로운송 사무원,일반,2026-02-27
CD0D48393,황윤연,010-8199-8166,29,여자,전북,전주시 덕진구,관리 비서,우수,2025-08-01
C23EAC842,박진빈,010-7652-9442,24,여자,경남,거제시 고현동,"전직 경영 기획 사무원, 현재 구직중",일반,2025-03-05
CF9F8EA0D,권우환,010-8715-8664,26,여자,경기,고양시 일산동구,전화 상담원,일반,2024-08-16
C189E144D,최승희,010-2998-9160,76,여자,울산,울주군 범서읍,무직,일반,2025-11-28
C5FF29154,이재우,010-8385-1619,26,남자,세종,조치원읍,판매 사무원,일반,2025-02-19
CD5D85AE3,김민빈,010-4214-2853,50,여자,대전,유성구 노은동,철도운송 관련 종사원,일반,2025-09-26
C26CCE590,조아빈,010-5520-6301,79,여자,대전,서구 둔산동,무직,일반,2024-07-17
CDDA3FA27,전서자,010-6876-7324,63,남자,경북,포항시 남구,예약 및 접수 사무원,우수,2025-07-31
CF1D74062,김지율,010-9662-7972,36,남자,서울,강남구 역삼동,경영 기획 사무원,일반,2025-06-18
CB773279E,백은환,010-5582-5294,58,남자,대전,동구 가양동,관리 비서,일반,2024-05-10
CD3D3DE57,전수희,010-9746-7346,31,여자,대전,대덕구 송촌동,지방행정 사무원,일반,2024-05-24
C96AAE470,윤아경,010-3676-5450,31,여자,경기,수원시 영통구,경리 사무원,일반,2025-09-18
C878B912D,김윤숙,010-8974-1008,45,여자,울산,남구 옥동,그 외 기획 및 마케팅 사무원,일반,2026-02-07
CB20FB5CF,한하식,010-5474-1386,62,여자,대전,대덕구 송촌동,보육 관련 시설 서비스 종사원,일반,2026-04-19
CDB280840,박영아,,35,여자,경기,수원시 영통구,경영 컨설턴트,일반,2026-02-22
C26607215,김은준,010-7149-7318,45,남자,대전,유성구 봉명동,육군 장교,일반,2024-05-25
CFDBA502C,윤채식,010-4597-1485,24,남자,부산,부산진구 부전동,"전직 생산관리 사무원, 현재 구직중",일반,2025-12-13
CABADDC1A,박주철,010-6212-6419,22,남자,경기,부천시 원미구,플랜트공학 기술자 및 연구원,일반,2025-10-31
C1D6C071F,김정아,010-6944-2805,48,남자,인천,연수구 송도동,철도운송 관련 종사원,일반,2026-03-21
C8D25A518,김우철,010-6514-7217,24,남자,서울,송파구 잠실동,무직,일반,2025-07-08
C01674721,김채숙,010-3121-5075,27,여자,제주,제주시 노형동,총무 및 인사 관리자,일반,2025-06-25
CEA600DD3,김주원,010-5748-1880,32,남자,대구,수성구 범어동,해외 영업원,우수,2025-06-07
C39B46EE9,손준자,010-9717-7643,67,남자,경남,김해시 장유동,전기 감리 기술자 및 연구원,일반,2025-11-30
CC4C05DE8,김지호,010-3051-9812,34,여자,대전,유성구 봉명동,사서,우수,2024-12-25
C1ED60A81,송주자,010-3217-9966,44,남자,경남,진주시 충무공동,그 외 교사,일반,2025-11-18
C2803BDDB,이연서,010-6108-5759,41,여자,울산,남구 삼산동,보육교사,일반,2025-06-10
C4E8D4535,김예진,010-7519-6714,42,남자,경남,김해시 장유동,영업 관리 사무원,일반,2024-06-15
C0F85F6F5,이서식,010-9783-9538,40,남자,서울,용산구 원효로1가,온라인 쇼핑 판매원,우수,2024-08-23
CE02D86E2,박서준,010-6418-2846,21,남자,서울,마포구 서교동,무직,VIP,2024-05-27
C12D9F034,이정미,010-4100-8542,39,남자,경기,용인시 기흥구,영업 관리 사무원,일반,2025-11-15
CC494F58F,이채희,010-6732-9414,64,여자,울산,중구 성남동,무직,일반,2026-04-30
CC5D384F2,박윤진,010-4872-4459,44,남자,경남,양산시 물금읍,교육 및 훈련 사무원,일반,2025-09-21
CFDE8FE58,김하율,010-6300-3609,28,여자,경남,창원시 성산구,일반 비서,VIP,2024-08-01
CDAD7D58C,김태희,010-3805-9255,31,여자,서울,용산구 이태원동,무직,우수,2025-12-20
CC2FA3573,박예철,010-6385-7120,29,남자,대전,유성구 봉명동,무직,일반,2025-01-05
CF2FC398C,이호우,010-8967-7748,46,남자,경남,진주시 평거동,무직,일반,2025-08-29
CDDEC74CE,조승서,010-8764-7383,22,남자,광주,북구 운암동,무직,일반,2025-06-18
C2BAA76CB,김아준,010-6482-1259,31,여자,대전,중구 은행동,사무 보조원,일반,2024-11-04
CB516322F,김서현,010-8862-9947,28,여자,울산,중구 성남동,일반 비서,일반,2025-12-01
CD5F03AF1,최은숙,010-7457-6760,29,여자,경남,거제시 장승포동,무직,우수,2025-06-03
CCEB9DFFC,양성빈,010-2851-4748,38,여자,경기,고양시 일산동구,무직,일반,2024-05-09
CB1A6081F,황현미,010-6512-3888,22,남자,부산,해운대구 우동,경영 기획 사무원,일반,2025-01-21
C546FA8F4,정지아,010-5682-6991,31,여자,서울,마포구 서교동,일반 비서,우수,2024-07-07
C16640A84,김준우,010-9388-3630,52,남자,울산,중구 성남동,생산관리 사무원,일반,2024-05-21
C612BFB78,박규경,010-4952-3589,30,남자,서울,강남구 역삼동,경영 기획 사무원,일반,2025-05-22
C35D79120,이서현,010-5204-8827,33,여자,울산,북구 명촌동,무직,일반,2024-06-10
CA7DC15AE,박도아,010-4484-9789,33,남자,경기,고양시 일산동구,육군 장교,일반,2025-09-09
CF38EC7F7,최진서,010-4327-3079,32,여자,경기,성남시 분당구,시내버스 운전원,일반,2025-03-11
CC714C1D7,정민현,010-3721-5705,58,남자,경남,거제시 장승포동,사무 보조원,일반,2024-05-05
CA933F4BA,홍시호,010-6110-3244,49,남자,경남,창원시 성산구,"전직 경리 사무원, 현재 구직중",일반,2024-04-05
CACB2EA1F,김준빈,010-2852-8720,39,여자,인천,서구 청라동,무직,일반,2024-05-25
CB311F11D,강하희,010-3693-5857,41,여자,대전,대덕구 송촌동,마케팅 관리자,일반,2024-04-04
C84154483,김윤우,010-4866-6083,24,여자,경남,창원시 성산구,"전직 해외 영업원, 현재 구직중",일반,2024-05-08
C831B3621,장진빈,010-2731-1786,32,여자,경기,부천시 원미구,사무 보조원,일반,2024-12-30
C9B60964E,김현호,010-4309-1738,52,남자,인천,연수구 송도동,경영 기획 사무원,일반,2024-12-03
CF50E1363,김규란,010-8534-4251,34,남자,서울,강남구 역삼동,일반 비서,우수,2026-04-13
C409F5738,조도호,010-6197-6710,44,여자,경남,진주시 충무공동,교육 및 훈련 사무원,일반,2024-09-01
CC101AF0F,이은우,010-9365-7366,35,여자,서울,용산구 한남동,무직,일반,2024-12-28
C58B81E56,김규원,010-6479-5370,29,여자,경기,성남시 분당구,무직,일반,2024-03-01
C68A782B0,한채경,010-6729-9858,59,남자,충북,제천시 하소동,생산관리 사무원,일반,2025-02-02
CA2488A42,조정숙,010-5159-3674,42,남자,경기,용인시 기흥구,"전직 관리 비서, 현재 구직중",우수,2024-01-02
CA3AED0C5,임규경,010-6478-5276,48,남자,경기,용인시 기흥구,건축감리 기술자,일반,2025-07-17
CECFD84EB,임서준,010-6475-5421,41,남자,전북,익산시 영등동,총무 사무원,일반,2026-02-20
C66A3E039,권수자,010-7045-4149,30,남자,울산,울주군 범서읍,자동차 부품 기술 영업원,일반,2024-09-16
C0D3C2960,이서아,010-7739-9391,76,남자,경기,화성시 동탄,무직,일반,2024-06-02
CAEE08D13,신우현,010-2689-8246,23,여자,울산,동구 방어동,무직,일반,2025-03-18
CFF27B368,서성연,010-5666-7527,45,남자,경북,경주시 황성동,시설 경비원,일반,2025-08-21
C9132D1F9,김연연,010-3969-9813,25,남자,대구,북구 침산동,일반 비서,일반,2024-08-18
CC5D93F0D,김나준,010-5809-8894,48,여자,광주,서구 치평동,무직,우수,2024-06-05
C23151BF6,박승현,010-4856-5190,46,남자,서울,용산구 후암동,식품 영업원,일반,2025-06-07
C010EBBF8,황호식,010-5504-4332,27,남자,전남,여수시 학동,산업용로봇 조작원,일반,2024-01-18
CB721C86B,홍채란,010-8872-9898,29,남자,전북,전주시 덕진구,무직,VIP,2024-12-02
C61E4B76A,박예빈,,38,남자,경남,창원시 성산구,생산관리 사무원,일반,2024-01-02
C9167A3F8,최윤우,010-3003-1094,32,남자,서울,은평구 응암동,무직,일반,2024-03-19
C7652ECDD,임시철,010-3814-1183,50,남자,울산,중구 성남동,사무 보조원,일반,2025-02-03
C3596F263,이예식,010-9848-1490,34,남자,대전,중구 은행동,온라인 쇼핑 판매원,일반,2026-04-15
CE64BF397,박재호,010-3972-6079,48,여자,서울,용산구 원효로1가,무직,우수,2024-12-26
CE50F91D1,박현현,010-8997-4163,27,남자,경기,화성시 동탄,영업 관리 사무원,일반,2024-01-25
C8F1F2A23,김현철,010-6637-7190,44,여자,충남,서산시 동문동,무직,일반,2025-10-25
C0872A9A8,박은호,010-2691-1690,49,여자,서울,용산구 이태원동,"전직 마케팅 전문가, 현재 구직중",VIP,2026-01-12
C1341BFE0,권진자,010-9742-6417,68,남자,울산,남구 삼산동,무직,일반,2025-07-31
CF8CA7298,윤진식,010-7593-9866,30,남자,경남,거제시 옥포동,영업 관리 사무원,일반,2025-02-02
C2D352EB4,김도철,010-4452-3920,26,남자,대전,유성구 봉명동,생산관리 사무원,우수,2026-04-06
C3C46DE84,김은식,010-9814-4206,22,여자,서울,강남구 역삼동,마케팅 전문가,우수,2024-07-24
C11C15D57,이서란,010-3933-1957,27,여자,경기,화성시 동탄,무직,일반,2024-07-28
C990B472D,윤수환,010-7189-4073,37,여자,대구,달서구 상인동,예약 및 접수 사무원,우수,2024-02-15
C1C7F6128,권연란,010-4915-3794,30,여자,대전,동구 가양동,그 외 기획 및 마케팅 사무원,우수,2024-09-03
CB87DB5FA,류시영,010-4765-6069,33,남자,경남,진주시 충무공동,무직,우수,2024-09-12
C8FD2B166,박유연,010-4345-3853,36,남자,경기,용인시 기흥구,음식 서비스 종사원,일반,2025-05-20
C79AEE1B1,황아서,010-9877-4583,28,여자,대구,수성구 범어동,무직,일반,2025-09-21
CB32E5427,이시미,010-9538-9731,58,남자,전남,여수시 학동,경리 사무원,일반,2024-10-10
C1DBA5F61,박우철,010-9633-7963,45,남자,경남,김해시 장유동,철도교통 관제사,일반,2024-06-10
CB30F8E89,최서우,010-6332-5716,55,남자,대구,달서구 상인동,무직,일반,2024-08-31
CC8AAD7AA,이유현,010-4794-2911,36,남자,대전,대덕구 송촌동,무직,일반,2024-04-17
C9853ED58,이성원,010-4371-5975,45,남자,대전,서구 둔산동,사무 보조원,일반,2025-04-17
CD39A2453,최성율,010-7381-6106,28,남자,대구,북구 침산동,철도운송 관련 종사원,일반,2024-08-12
C4A539359,최아자,010-8426-3787,42,남자,경기,고양시 일산동구,경영 컨설턴트,일반,2024-04-11
C3CC62E32,김규희,010-4232-5832,23,남자,경기,고양시 일산동구,무직,일반,2024-09-09
CC9B96933,박민연,010-7839-5112,57,여자,울산,남구 삼산동,전화 상담원,일반,2026-01-02
C062747F1,박규우,010-6187-8788,43,여자,부산,사하구 하단동,무직,일반,2025-02-17
C3C1FD4DF,배은현,010-9372-6312,33,남자,경남,창원시 성산구,품질 관리 사무원,일반,2024-08-21
C3F2DBBF2,이우아,010-7858-9230,36,여자,전북,익산시 영등동,조사 전문가,일반,2024-11-03
CAB394272,김서경,010-4349-6268,59,여자,경기,화성시 동탄,무직,일반,2025-05-14
CA5959E5F,이서경,010-8836-8272,44,남자,경기,부천시 원미구,사무 보조원,일반,2024-07-08
CB0346B29,김진준,010-5139-1041,20,남자,경남,진주시 충무공동,총무 사무원,일반,2025-05-12
C1B4374D8,최도준,010-4267-9907,25,남자,경기,화성시 동탄,그 외 건설·전기 및 생산 관련 관리자,일반,2026-04-22
C8F1261F4,이영경,010-3385-2000,37,남자,부산,부산진구 부전동,도로운송 사무원,일반,2024-08-25
CF97FFBE1,김나진,010-9378-2502,69,남자,경남,거제시 옥포동,무직,우수,2024-09-15
C58B04FBE,김민준,010-5604-5800,31,남자,서울,마포구 서교동,단말기 및 통신 서비스 판매원,일반,2025-10-27
C6345FB7E,남재연,010-7472-7669,41,남자,부산,동래구 온천동,사무 보조원,VIP,2026-04-04
C58842701,박규자,010-3031-9925,64,남자,경기,고양시 일산동구,무직,일반,2024-02-14
C67EED03A,이채자,010-4564-1846,32,남자,인천,서구 청라동,조사 전문가,일반,2024-11-13
CAF82F690,최윤식,,59,남자,경기,남양주시 다산동,그 외 금융 사무원,일반,2026-02-02
C009C3283,이민숙,010-6508-5667,19,여자,서울,용산구 청파동,무직,일반,2025-02-12
C4FB89DC8,김주서,010-3357-7222,63,여자,서울,용산구 이태원동,무직,일반,2024-12-16
C7720D598,최지아,010-2599-2100,40,여자,경기,수원시 영통구,그 외 일반 영업원,일반,2024-01-22
C7E06A3D5,김우환,010-3560-1245,33,여자,서울,용산구 청파동,상품 기획자,일반,2026-04-19
C09E33777,안우숙,010-4641-8249,43,여자,전북,군산시 나운동,사무 보조원,일반,2024-08-27
C663FE002,이주자,010-7277-6446,33,여자,충북,청주시 흥덕구,경영 기획 사무원,일반,2026-02-21
C0EE32AEC,한서영,010-5259-5847,39,남자,서울,용산구 이태원동,자재 관리 사무원,일반,2026-02-19
CACF2FFC3,이지철,010-3286-6784,41,여자,경기,남양주시 다산동,그 외 기획 및 마케팅 사무원,일반,2026-01-25
C867898B5,김영연,010-6723-9284,43,남자,부산,동래구 온천동,열차 객실 승무원,일반,2024-06-08
CEB7FD892,송민율,010-2779-4734,27,남자,서울,용산구 이태원동,지방행정 사무원,우수,2024-05-12
C476B75A3,양태란,010-2797-4963,63,여자,울산,중구 성남동,무직,우수,2024-09-06
C4B62403D,이시서,010-4445-7951,57,남자,경기,용인시 기흥구,무직,일반,2025-04-07
CED53892C,정아영,010-2523-1470,43,여자,서울,용산구 후암동,마케팅 전문가,우수,2026-02-08
C2941D3D4,강진미,010-5754-2740,65,남자,경북,경주시 황성동,경리 사무원,우수,2025-10-23
CCBCC9760,오규우,010-7943-5006,55,여자,경남,거제시 옥포동,정보 시스템 운영자,일반,2025-05-10
C4A9D925C,김서희,010-4721-5605,23,여자,경남,거제시 옥포동,무직,일반,2025-06-05
C98A4BF3B,박윤경,010-7740-8420,51,남자,경기,고양시 일산동구,사무 보조원,일반,2024-12-12
C7D97427E,이은미,010-3002-1928,46,남자,서울,은평구 응암동,자재 관리 사무원,일반,2024-08-10
C3B88A34F,이윤영,010-6202-2289,23,남자,서울,노원구 상계동,"전직 그 외 일반 영업원, 현재 구직중",일반,2025-09-14
C809CA87C,최준미,010-5059-7524,48,여자,울산,북구 명촌동,시설 경비원,일반,2025-12-10
C7BB0BF21,이채영,010-6887-5230,52,남자,울산,남구 옥동,자재 관리 사무원,우수,2025-10-16
CCBFFD3BA,박유자,010-6468-4798,32,여자,강원,원주시 무실동,무직,우수,2026-03-29
CA71C5BE2,박하환,010-6447-8048,32,남자,부산,동래구 온천동,온라인 쇼핑 판매원,일반,2025-08-27
C6913CDFA,이준란,010-8239-3567,39,남자,경남,진주시 평거동,철도운송 사무원,일반,2025-10-07
C1B01B9DD,김현환,,54,남자,서울,용산구 청파동,그 외 시설 및 특수 경비원,VIP,2024-11-09
C589FA874,장재희,010-2086-5723,56,남자,전남,여수시 학동,경영 기획 사무원,우수,2025-07-29
C49642DA9,김민연,010-9379-9716,39,여자,울산,중구 성남동,무직,일반,2025-12-24
C406DC71C,이호우,010-8860-8438,61,남자,경기,수원시 영통구,무직,우수,2024-08-26
C6DE8155D,김진원,010-9049-1847,22,여자,경남,진주시 평거동,무직,일반,2025-01-26
CDC96B951,배호환,010-5222-7492,53,여자,경남,진주시 평거동,사무 보조원,일반,2025-11-07
CEF20701F,오연우,010-6603-9814,31,남자,대구,수성구 범어동,회계 사무원,일반,2026-02-25
CD05C3767,유서란,010-6958-5165,23,여자,경북,포항시 남구,무직,일반,2024-04-24
C43051BA0,안민빈,010-9311-3174,31,여자,인천,연수구 송도동,마케팅 전문가,일반,2024-02-26
CE3AE9273,이영아,010-7286-8217,44,남자,서울,용산구 청파동,식품 영업원,우수,2025-03-19
C907B0685,김규연,010-3208-2533,46,남자,대구,수성구 범어동,통역가,일반,2025-05-19
C452B86F4,서시식,010-2493-5237,35,여자,경북,안동시 옥동,사무 보조원,일반,2025-11-13
CF729325D,박서미,010-5680-4822,41,여자,서울,용산구 한남동,산업용로봇 조작원,우수,2026-01-03
C8C553E8C,전수빈,010-3465-3023,28,여자,대전,유성구 봉명동,무직,일반,2024-03-24
CE102BD38,백진경,010-3829-1324,24,여자,경남,창원시 성산구,상품 기획자,일반,2025-02-10
CCF31E316,김아빈,010-4303-9660,27,남자,경기,남양주시 다산동,생산관리 사무원,일반,2025-10-24
CFA8277D3,이아원,010-8997-2750,37,남자,부산,동래구 온천동,경리 사무원,일반,2025-07-22
CC79FF5C7,김예호,010-8918-8038,62,남자,경남,거제시 고현동,사무 보조원,일반,2024-01-07
CC64B3DCE,이정서,010-3022-8837,43,여자,경기,부천시 원미구,교육 및 훈련 사무원,일반,2024-03-26
CC46DEBA8,최유식,010-9340-5015,41,남자,경북,안동시 옥동,산업 안전원,일반,2024-09-12
C98B56FCC,문도원,010-4348-8771,29,여자,서울,송파구 잠실동,지방행정 사무원,일반,2024-03-25
C2C2A867F,박수호,010-8405-6992,46,남자,부산,해운대구 우동,무직,일반,2025-09-05
CB449B3A2,이호원,010-4791-6810,43,남자,서울,용산구 한남동,철도운송 사무원,일반,2025-09-13
C64D9B6C9,박유빈,010-4470-9105,46,남자,경기,부천시 원미구,경영 기획 사무원,일반,2024-12-23
C77973EF6,윤민경,010-5686-8279,41,여자,대전,유성구 노은동,경영 컨설턴트,일반,2024-10-21
CAA0A760A,김하미,010-5208-9336,20,남자,전북,익산시 영등동,경영 기획 사무원,우수,2025-02-10
C6B506F61,김수미,010-7798-2366,51,남자,경기,남양주시 다산동,고속철 기관사,일반,2024-12-08
C11BA7985,최하서,010-9731-5249,46,여자,부산,해운대구 우동,"전직 그 외 기획 및 마케팅 사무원, 현재 구직중",일반,2025-12-05
CF8EF62CE,고성연,010-4665-9032,34,남자,서울,노원구 상계동,건축 관련 관리자,일반,2025-07-10
C053CFB7C,김시원,010-8019-5932,39,여자,서울,송파구 잠실동,"전직 일반 비서, 현재 구직중",일반,2025-10-10
CEBD0BCF8,김지희,,49,남자,경기,성남시 분당구,소규모 상점 경영자,우수,2024-11-26
CC36EB31D,윤민식,010-9422-2211,31,남자,전북,익산시 영등동,사무 보조원,일반,2024-09-27
C3C59E0A4,유민우,010-3260-7480,39,남자,전남,순천시 조례동,"전직 도로운송 사무원, 현재 구직중",일반,2024-02-19
C2A363D2D,이규빈,010-4988-5163,41,여자,경남,진주시 초전동,자동차공학 기술자 및 연구원,일반,2026-04-30
C2F07EB71,정시진,010-7673-6235,45,남자,서울,강남구 역삼동,소규모 상점 경영자,일반,2024-08-01
C0F5D0425,최규미,010-6736-5782,32,여자,경남,거제시 옥포동,자동차공학 기술자 및 연구원,일반,2024-06-10
C81733BA7,김승미,010-7358-3769,43,남자,경남,김해시 장유동,생산관리 사무원,일반,2025-07-31
CDDD8D099,고현준,010-5599-2756,45,남자,대전,중구 은행동,전화 상담원,일반,2024-09-08
CB516F6AA,홍도자,010-6235-4786,47,여자,서울,용산구 원효로1가,데이터 분석가,우수,2025-09-05
C4F6299D8,이현호,010-2345-5179,27,여자,충북,제천시 하소동,사무 보조원,일반,2025-07-03
C4B132738,김준연,010-3942-3674,54,남자,울산,남구 삼산동,철도교통 관제사,일반,2025-07-14
C5F157A0D,이아영,010-8811-1119,57,남자,부산,부산진구 부전동,철도운송 사무원,일반,2025-11-17
C44DF9681,최호경,010-8479-1303,54,남자,울산,울주군 범서읍,자재 관리 사무원,일반,2024-07-08
CD27DCDAE,한준미,010-6236-3470,41,여자,경기,화성시 동탄,경영 컨설턴트,일반,2024-05-25
CC97508D2,박채식,010-9116-2824,70,여자,경기,고양시 일산동구,항해사,일반,2025-08-28
C09CD7A1F,김우서,010-5708-7691,44,남자,서울,용산구 원효로1가,철도운송 관련 종사원,일반,2026-04-26
C55B2F688,이유진,010-7901-4696,39,남자,경기,화성시 동탄,마케팅 전문가,일반,2024-11-26
C5FFDDAF1,윤주미,010-3570-2039,55,남자,전북,군산시 나운동,소방시설 공사 기술자 및 연구원,일반,2025-09-21
CBD52768D,김태희,010-9274-6026,39,남자,대전,동구 가양동,품질 관리 사무원,일반,2024-09-15
C909628F7,최연아,010-7434-7129,60,남자,서울,은평구 응암동,무직,일반,2026-04-08
CCD34DB00,김하철,010-5560-5472,35,남자,충남,당진시 수청동,건물 내 전기 설치 및 정비원,일반,2025-07-03
C2F2D56C0,류시환,010-8782-6453,36,남자,충북,청주시 흥덕구,기계제품 생산 관리자,일반,2025-02-20
C020CAE71,박은자,010-6398-2634,29,여자,경기,남양주시 다산동,상품 기획자,일반,2024-10-23
CDD7C2889,고예란,010-2950-2019,36,여자,서울,용산구 후암동,국가행정 사무원,우수,2025-12-10
C8E2DCC6E,이호아,010-8509-1463,23,남자,경기,남양주시 다산동,육군 병사,일반,2024-03-17
C51540494,박준진,010-5444-3196,39,남자,대구,수성구 범어동,관리 비서,일반,2026-01-12
CEA29BE87,박영숙,010-2075-7962,27,남자,대전,대덕구 송촌동,인사 및 노무 사무원,일반,2025-10-11
CE23C9D93,안우원,010-8927-5405,67,여자,경북,구미시 인동,"전직 관리 비서, 현재 구직중",일반,2025-11-15
CD4D62986,신연현,010-3653-7072,34,남자,울산,북구 명촌동,데이터 분석가,일반,2024-03-09
CF731755A,최수경,010-2300-6154,38,여자,인천,남동구 구월동,그 외 상점 판매원,일반,2025-08-11
CAC1543B2,이정진,010-2098-7865,26,여자,경남,진주시 초전동,조사 전문가,일반,2025-12-06
C0D2983F8,조예희,010-4189-4933,84,남자,서울,용산구 한남동,사무 보조원,일반,2024-10-19
CAE0F2447,윤진경,010-2421-9945,42,여자,대전,유성구 봉명동,번역가,일반,2024-07-13
CBF607BEB,김주식,010-3043-1740,43,남자,경남,거제시 고현동,품질 관리 사무원,일반,2025-10-17
C56DE763E,김영서,010-7218-8817,46,남자,서울,은평구 응암동,통계 사무원,일반,2024-11-19
CEF0CDC53,박도숙,010-7616-9453,52,여자,충북,청주시 흥덕구,생산관리 사무원,일반,2025-07-16
C563B5BAA,김승서,010-7900-3538,52,남자,서울,노원구 상계동,병무행정 사무원,일반,2024-01-23
CD355A80B,김준진,010-5366-6024,31,여자,경기,화성시 동탄,마케팅 전문가,일반,2024-01-20
C138F59F8,김연란,010-6865-3957,21,여자,경북,안동시 옥동,무직,일반,2026-04-02
C2A8F975A,전은아,010-3523-1427,32,여자,부산,부산진구 부전동,관리 비서,일반,2025-01-25
CF647D3AD,이재숙,010-4892-9057,53,남자,대전,중구 은행동,출판 및 자료편집 사무원,우수,2025-03-26
CE817A356,배주희,010-6304-8770,28,남자,경남,양산시 물금읍,자재 관리 사무원,일반,2026-04-01
C0098BE95,신하현,010-9115-9825,31,여자,부산,해운대구 우동,위험 관리원,일반,2024-03-04
C2EEC641D,김나호,010-3135-8172,31,남자,대구,수성구 범어동,무직,일반,2025-05-10
CCD2D12EE,강나연,010-9820-8438,47,여자,전남,순천시 조례동,그 외 일반 영업원,일반,2025-11-15
C6D91F853,이주란,010-6569-6085,41,남자,제주,제주시 연동,경영 기획 사무원,일반,2024-07-27
C7DD87E15,김재현,010-2414-3709,19,여자,경기,남양주시 다산동,무직,일반,2024-12-03
CB9D8DC1D,정성연,010-9887-4712,48,남자,강원,속초시 조양동,정보 시스템 운영자,일반,2025-10-10
C2CC517C2,윤아희,010-7866-1868,59,남자,서울,용산구 한남동,무직,일반,2024-08-11
C902C504C,이지진,010-5955-1491,38,남자,울산,남구 삼산동,상품 기획자,일반,2025-09-11
C0E18915C,김유아,010-4512-4844,24,여자,경남,김해시 장유동,무직,일반,2025-02-11
CDF98C3CF,조유우,010-7050-7199,32,여자,울산,울주군 범서읍,관리 비서,일반,2024-07-14
C159F8C26,허민경,010-9281-1393,35,남자,경남,진주시 평거동,마케팅 전문가,일반,2025-10-21
C2C7C37DF,김도현,010-2630-7588,41,남자,경남,김해시 장유동,교육 및 훈련 사무원,일반,2024-01-06
C7D05220A,권태서,010-9019-6790,26,남자,경북,포항시 남구,생산관리 사무원,일반,2024-06-05
C169A63EE,조윤준,010-8600-8863,36,여자,충남,서산시 동문동,일반 비서,우수,2025-06-23
C8C8C562C,김재란,010-9213-1593,41,여자,대전,유성구 노은동,사무 보조원,일반,2024-07-02
CCF5FF8E0,정준서,010-4008-8952,31,남자,전북,군산시 나운동,무직,일반,2025-02-28
C0A080520,조민철,010-7328-4871,43,남자,경기,수원시 영통구,소방시설 공사 기술자 및 연구원,일반,2025-01-12
CB6202612,김민영,010-8353-1072,31,남자,인천,연수구 송도동,영업 관련 관리자,일반,2025-08-03
C975D9845,김진환,010-4366-6440,46,남자,전남,목포시 하당,사무 보조원,일반,2025-03-09
C90A7639F,김현진,010-6126-2231,38,남자,전남,여수시 학동,경영 기획 사무원,VIP,2024-02-22
C70AE4896,이현진,010-2646-1757,36,남자,충남,당진시 수청동,경리 사무원,일반,2025-11-06
CCD3CBA93,김호희,010-8986-4570,22,여자,전북,군산시 나운동,무직,일반,2024-04-28
C57ABD0C8,김하진,010-2259-9876,45,여자,대전,동구 가양동,도로운송 사무원,VIP,2025-07-27
C6F89B72B,이시환,010-4742-2642,37,여자,경남,창원시 성산구,공공행정 사무원,일반,2026-03-18
CC2AC64EF,조승아,010-8460-2232,58,여자,경남,창원시 성산구,경리 사무원,우수,2025-04-29
C7B38FAC5,이준준,010-6254-7617,55,남자,서울,노원구 상계동,무직,우수,2025-04-30
C70287B48,김예식,,52,남자,경기,용인시 기흥구,사무 보조원,VIP,2026-03-26
CD1B96FDB,이채아,010-3568-1292,62,남자,서울,마포구 서교동,텔레마케터,일반,2024-03-02
C8BA4B298,고태진,010-8804-5904,50,여자,경북,안동시 옥동,"전직 지방행정 사무원, 현재 구직중",우수,2024-11-06
C908BD161,박호아,010-2506-3178,35,남자,울산,남구 삼산동,일반 비서,일반,2024-05-11
C59B431E3,장우연,010-2455-3818,45,남자,충남,서산시 동문동,무직,우수,2024-11-08
C2FB5599B,김승현,010-4059-7195,25,여자,경기,성남시 분당구,무직,일반,2026-01-02
CFB582553,강하원,010-8147-2533,44,여자,대구,달서구 상인동,국가행정 사무원,우수,2024-03-24
C09DC515F,최현아,010-9450-8538,30,여자,경기,남양주시 다산동,사무 보조원,일반,2025-06-13
C3EBC20CF,최태호,010-2170-3542,66,남자,경기,용인시 기흥구,무직,일반,2025-12-30
C58913D75,박유빈,010-9947-2888,36,남자,서울,용산구 후암동,시설 경비원,일반,2024-03-12
C27E6A446,윤현미,010-2692-4499,59,남자,서울,용산구 이태원동,지게차 운전원,일반,2025-10-31
C168FFFEB,김승철,010-4048-3440,26,여자,서울,마포구 서교동,무직,일반,2024-08-06
C38F14BE4,김주란,010-8904-2806,42,여자,경북,구미시 인동,마케팅 전문가,일반,2024-08-06
CAC683B36,박유빈,010-7098-7247,55,남자,서울,마포구 서교동,무직,일반,2024-04-09
C06E52F57,권규영,010-3688-8226,39,여자,경남,김해시 장유동,국가행정 사무원,우수,2026-04-19
CE71E668E,김진진,010-9388-2324,24,남자,경남,거제시 고현동,무직,일반,2025-08-04
C88ADC6A4,박민미,010-5035-9227,29,여자,경기,부천시 원미구,"전직 일반 비서, 현재 구직중",일반,2024-09-25
CAEF59841,이아원,010-8183-7219,25,여자,전남,여수시 학동,무직,VIP,2024-01-23
CC42B6FE1,남지자,010-2286-3476,20,여자,경기,용인시 기흥구,무직,일반,2024-09-05
CD8A8E218,최하환,010-5784-6150,28,남자,경남,거제시 고현동,무직,일반,2024-06-16
C456EEDB0,김주현,010-6340-9033,49,여자,서울,노원구 상계동,경리 사무원,일반,2024-09-11
C22EF91BE,오은우,010-9978-5041,50,남자,대구,달서구 상인동,사무 보조원,일반,2025-09-25
C0E93F5E9,이도경,010-2043-7575,25,남자,부산,사하구 하단동,무직,일반,2025-03-28
CEADFE432,이예아,010-5825-4500,50,남자,울산,중구 성남동,경영 기획 사무원,일반,2024-08-21
C5657CA85,이호미,010-8361-6460,26,남자,인천,남동구 구월동,무직,일반,2025-05-05
C81D8AF89,최예서,010-8655-4685,43,남자,서울,은평구 응암동,마케팅 전문가,일반,2025-05-28
C6D71521B,강영호,010-7538-5469,81,여자,서울,용산구 청파동,무직,우수,2025-07-05
CC0FA9AE0,김태환,010-8303-6084,26,남자,부산,사하구 하단동,기업 고위 임원,우수,2025-02-03
C6EA13D24,김영진,010-8306-3367,41,남자,경남,진주시 평거동,철도교통 관제사,일반,2024-04-14
C2653A92F,박예원,010-4553-9255,39,여자,경북,포항시 남구,광고 전문가,일반,2025-04-29
CE02B551B,정예자,010-7124-3278,63,남자,전북,군산시 나운동,경영 기획 사무원,일반,2025-04-22
CF8A2A311,김성진,010-4052-9889,56,남자,경기,남양주시 다산동,무직,일반,2026-01-08
CA83CA431,김채호,010-9523-4283,42,여자,대전,중구 은행동,통계 사무원,일반,2024-12-21
CF568E6AC,김지진,010-5236-5636,53,여자,경기,성남시 분당구,마케팅 전문가,일반,2024-01-23
C6A53E72B,최우준,010-2388-1540,25,여자,전남,여수시 학동,무직,일반,2024-05-12
CFB719E8C,박태희,,24,남자,서울,마포구 서교동,자재 관리 사무원,일반,2025-07-17
C949A5C41,김윤연,010-6872-6012,48,남자,서울,은평구 응암동,산업 안전원,일반,2025-11-27
CEDAC29B2,김은미,010-7981-3006,39,남자,대전,동구 가양동,산업 안전원,일반,2025-10-23
CA36CB846,윤채자,010-7177-7167,33,남자,전남,목포시 하당,총무 사무원,일반,2025-10-16
C5A9F6732,이성준,010-6719-2426,30,남자,경북,포항시 남구,경영 기획 사무원,일반,2025-04-16
CD41878C9,정채환,010-4127-5809,55,남자,대전,중구 은행동,무직,일반,2025-01-07
CB941C365,서규준,010-5869-8563,60,여자,제주,제주시 노형동,무직,VIP,2024-07-23
CAA47C122,황아현,010-2689-4114,39,남자,서울,용산구 원효로1가,무직,우수,2026-04-19
C455FCA56,이준현,010-5600-1835,33,여자,대전,유성구 노은동,총무 사무원,일반,2024-10-14
C409565D2,최하호,010-4317-2498,41,여자,경기,용인시 기흥구,무직,우수,2025-09-06
C4CEE3425,박규율,010-7218-8461,38,여자,강원,속초시 조양동,"전직 출판 및 자료편집 사무원, 현재 구직중",일반,2024-12-24
C5792B9F8,김정호,010-3603-2944,25,여자,경남,진주시 평거동,상품 기획자,일반,2025-12-16
C023306D3,김윤원,010-4906-7883,50,남자,경남,거제시 고현동,무직,일반,2024-11-04
CB054BB84,박유아,010-5909-7521,51,남자,경남,거제시 장승포동,사무 보조원,일반,2024-10-21
C17A48CC0,박아경,010-6548-2931,59,남자,대전,유성구 봉명동,사무 보조원,우수,2025-08-11
CDC72B87E,박은경,010-4389-6857,54,남자,충북,청주시 흥덕구,생산관리 사무원,일반,2026-02-10
CDD850B8F,정유준,010-3599-2282,46,여자,경남,거제시 고현동,광고 전문가,일반,2025-02-03
C18B192B3,김우율,010-3993-9861,30,남자,경남,김해시 장유동,생산관리 사무원,우수,2024-12-11
CE861D47B,김규미,010-6494-3580,86,남자,대구,수성구 범어동,철도운송 관련 종사원,일반,2024-08-02
CB40FC860,안시우,010-6522-2894,66,남자,서울,강남구 역삼동,조적공,일반,2024-09-15
C4926B2D8,김채호,010-9046-2035,47,여자,광주,광산구 수완동,광고 전문가,일반,2024-05-03
CEB4C8966,고호원,010-2926-8904,47,남자,울산,동구 방어동,석유화학 기술자 및 연구원,일반,2024-10-01
CCC4B1991,박지빈,010-8766-9388,59,남자,경북,구미시 인동,건축시공 기술자,우수,2025-05-14
C244BB45C,신주아,010-7767-9932,25,여자,경기,부천시 원미구,경리 사무원,일반,2025-07-13
C532AAAD8,허시영,010-2540-4731,23,남자,광주,광산구 수완동,무직,일반,2025-10-22
CC3952198,최연진,010-6083-6908,50,여자,충남,서산시 동문동,경리 사무원,일반,2024-03-20
CDECD029D,권유숙,010-6547-9283,41,남자,경남,창원시 성산구,경영 기획 사무원,일반,2024-10-03
C9EE95090,김호환,010-9917-7338,47,여자,서울,용산구 후암동,조사 전문가,일반,2026-02-04
C0EA9ABB4,이성원,010-2234-3482,28,남자,인천,서구 청라동,자재 관리 사무원,일반,2025-04-02
CD7513A8A,조정호,010-4313-4288,53,남자,서울,용산구 청파동,그 외 법률 관련 사무원,VIP,2025-08-05
C2E8832DB,이윤진,010-7474-7149,47,여자,경남,거제시 장승포동,정보 시스템 운영자,일반,2025-09-25
CC6D81BD7,이호빈,010-6963-3365,66,남자,대전,중구 은행동,무직,일반,2026-02-07
C2B3163D6,한수현,010-7510-9237,33,여자,인천,부평구 부평동,그 외 고객 상담 사무원,일반,2024-07-27
CB69DE469,김나원,010-8387-6397,51,남자,충남,서산시 동문동,경리 사무원,우수,2025-04-27
CE3311432,전도우,010-7055-6123,39,여자,광주,북구 운암동,마케팅 전문가,일반,2024-06-24
CA7101B4A,정영아,010-3102-6873,34,남자,강원,속초시 조양동,무직,일반,2025-01-14
C86E203C1,김예경,010-3457-5606,32,여자,울산,남구 옥동,관리 비서,VIP,2025-04-29
C2737A4C4,오현빈,010-9685-3272,35,여자,대구,북구 침산동,사무 보조원,일반,2025-07-23
CFAA7A194,윤우진,010-6285-7093,59,여자,경기,화성시 동탄,건물 경비원,우수,2024-09-21
C50AD5834,박성호,010-5558-2653,43,남자,대전,중구 은행동,생산관리 사무원,우수,2024-05-02
C4B9949E7,황규아,010-6033-6496,38,남자,인천,서구 청라동,무직,일반,2025-03-31
CA84BCAE3,이유란,,60,남자,서울,용산구 한남동,무직,우수,2025-03-03
C17C09CC1,김호환,010-4532-5863,58,남자,울산,남구 옥동,그 외 기능 관련 종사원,일반,2024-01-06
C7BA0A848,박아란,010-6504-1783,34,남자,서울,은평구 응암동,교육 및 훈련 사무원,일반,2025-02-21
C95192FDA,권정식,010-2083-1155,45,여자,경기,수원시 영통구,경리 사무원,일반,2024-05-03
C385D1FC3,한은호,010-8745-2979,29,남자,서울,송파구 잠실동,인사 및 노무 사무원,우수,2026-01-13
C852DC4BE,박준란,010-3593-4836,29,여자,전남,순천시 조례동,공공행정 사무원,VIP,2025-02-25
C1DF86E20,오도원,010-3665-9581,23,남자,부산,해운대구 우동,영업 관리 사무원,일반,2025-06-23
C3EC54740,윤시란,010-6051-5894,25,여자,서울,마포구 서교동,무직,일반,2024-06-15
CDFFF94DB,안채진,,31,여자,인천,남동구 구월동,일반 비서,일반,2024-12-05
C6F75010D,장성미,010-4396-7035,74,남자,부산,동래구 온천동,무직,VIP,2025-10-02
C5E80ECA0,김수환,010-5045-6705,37,여자,서울,용산구 청파동,사무 보조원,일반,2025-06-06
C74851D1E,박지연,010-2298-4429,22,남자,경기,성남시 분당구,무직,우수,2024-01-22
C66D63679,이은환,010-7117-7326,30,남자,경남,양산시 물금읍,자재 관리 사무원,일반,2026-03-30
C6900660A,김예영,010-9059-3347,44,여자,경남,거제시 장승포동,국가행정 사무원,일반,2026-02-04
CB0A50FB3,김영식,010-8497-2644,48,남자,광주,북구 운암동,무직,일반,2025-09-02
CD914745D,김영율,010-3601-7114,54,여자,경남,진주시 평거동,사무 보조원,일반,2024-06-04
C159E1D9E,최승호,010-3454-2393,63,남자,서울,마포구 서교동,무직,일반,2024-08-31
C9408A7C4,박지란,010-3767-5554,52,남자,인천,남동구 구월동,사무 보조원,일반,2024-11-13
CB11C79CA,김연희,010-2010-3786,30,남자,서울,노원구 상계동,경영 기획 사무원,일반,2024-07-05
CCAA84C29,김서숙,010-7398-8542,65,여자,대구,북구 침산동,무직,우수,2025-11-04
C4E7BB2DE,김호원,010-2148-9671,60,남자,서울,노원구 상계동,건축 관련 관리자,일반,2024-03-17
C943AE633,이우미,010-6392-5099,59,남자,서울,용산구 원효로1가,산업 안전원,우수,2025-01-24
C1F55BB3A,문규환,010-2931-9084,57,여자,전남,목포시 하당,무직,일반,2026-03-20
CEF09C048,이예준,010-6815-4665,36,여자,경북,경주시 황성동,사무 보조원,일반,2024-05-23
C02849667,김재진,010-3992-7400,31,여자,서울,강남구 역삼동,교육 및 훈련 사무원,일반,2024-11-09
CA6020EE4,신정호,010-8705-1445,21,남자,서울,용산구 이태원동,사무 보조원,일반,2025-05-13
C80F44779,정민현,010-3482-1658,32,남자,대전,대덕구 송촌동,생산관리 사무원,VIP,2024-12-29
C4F880654,박유원,010-6357-4688,28,남자,강원,속초시 조양동,생산관리 사무원,일반,2025-05-12
C76B43D2D,류성경,010-7781-6152,63,남자,대전,서구 둔산동,무직,우수,2025-11-14
C04A16536,박하우,010-6405-4802,63,여자,경기,용인시 기흥구,무직,일반,2025-01-21
C3F443572,이호서,010-9175-5304,41,여자,경남,김해시 장유동,조사 전문가,일반,2024-12-27
C06119256,이영연,010-8219-6434,52,남자,서울,은평구 응암동,하역 및 적재 관련 단순 종사원,일반,2026-01-20
CFA3EFCF8,김연빈,010-2080-8276,75,여자,서울,은평구 응암동,무직,일반,2025-06-20
C9EAB4640,강나희,010-3827-4993,41,여자,충북,청주시 흥덕구,전화 상담원,우수,2026-02-05
C6ADB3DE6,최성숙,010-3811-6009,22,남자,경기,수원시 영통구,영업 관리 사무원,일반,2025-07-05
C46DA4720,김호우,010-7954-9243,57,남자,대전,동구 가양동,생물학 연구원,일반,2024-04-14
C146823E7,최연자,010-9744-1055,49,남자,충남,아산시 배방읍,사무 보조원,일반,2024-09-20
CC7E3147B,허나서,010-8827-2956,32,남자,경기,부천시 원미구,그 외 금속·재료 공학 기술자 및 연구원,우수,2024-01-10
CBB92B612,김준율,010-9751-7266,22,여자,제주,서귀포시 중문동,사무 보조원,일반,2024-06-27
CC889F657,박유서,010-2536-6418,33,여자,울산,남구 삼산동,일반 비서,일반,2025-09-05
CD1BF19B5,송시경,010-4422-9570,41,남자,서울,은평구 응암동,통계 사무원,일반,2026-01-09
CB3D1C896,정아서,010-4134-6083,64,남자,광주,광산구 수완동,전기 관련 관리자,일반,2024-03-11
C8C1526AA,이도원,010-5996-8129,63,여자,대전,서구 둔산동,무직,VIP,2025-01-16
CCB586EE0,정진호,010-7907-5442,42,여자,서울,용산구 후암동,무직,일반,2026-01-30
C4CC443A1,최정연,010-5395-6153,33,남자,서울,노원구 상계동,육군 장교,일반,2026-03-08
CC969B36B,이성빈,010-5961-1253,67,여자,충남,천안시 서북구,무직,일반,2025-05-12
C0FB8FD70,이도아,010-8958-3810,42,남자,경기,용인시 기흥구,고속철 기관사,일반,2024-03-29
CC087C1EB,조호빈,010-8999-4737,34,여자,서울,강남구 역삼동,증권 중개인,우수,2024-04-26
CE82292B7,김호진,010-9095-7804,44,남자,경기,남양주시 다산동,그 외 일반 영업원,우수,2025-08-26
C88A644B2,강태빈,010-7019-8716,72,여자,서울,은평구 응암동,무직,우수,2025-10-24
C96D89A94,박정빈,010-9696-5185,34,여자,강원,원주시 무실동,생산관리 사무원,일반,2025-03-25
CC62658F6,송영연,010-3889-6640,35,남자,서울,용산구 후암동,영업 관리 사무원,VIP,2024-05-16
CD3E558CF,최준율,010-4913-4807,26,여자,세종,조치원읍,공공행정 사무원,일반,2025-03-15
C3C090540,이나경,010-4931-9386,34,여자,경남,진주시 평거동,사무 보조원,일반,2024-03-29
C35922771,김현현,010-8000-1074,26,남자,광주,광산구 수완동,경영 기획 사무원,우수,2026-02-01
C54F60978,이규아,010-6939-9968,41,남자,경기,고양시 일산동구,영업 관리 사무원,일반,2024-07-15
C0B43DCCA,김도빈,010-9275-7299,42,남자,서울,송파구 잠실동,자재 관리 사무원,일반,2025-01-17
C61705D6F,김도란,010-3587-3354,94,남자,경북,경주시 황성동,무직,일반,2024-05-20
C6F9C2FDE,최은희,010-3717-8368,34,남자,전북,전주시 덕진구,기업 고위 임원,우수,2024-12-08
C46365A28,권은미,010-7679-2438,31,남자,대전,유성구 노은동,생산관리 사무원,우수,2024-10-17
CA5A2F4EB,한영영,010-3692-2223,22,남자,인천,서구 청라동,영업 관리 사무원,일반,2025-05-28
C96FB0E46,김하서,010-8497-7365,23,남자,경남,거제시 옥포동,일반 비서,일반,2025-08-19
C2C450478,송정율,010-5718-5322,41,여자,울산,북구 명촌동,경영 컨설턴트,일반,2024-09-10
CA2ED83E0,이나경,010-9105-4613,47,여자,경남,창원시 성산구,무직,우수,2024-09-06
C4EA6ACC8,이나란,010-6751-5770,69,남자,대전,중구 은행동,경영 기획 사무원,일반,2025-07-22
CDBCCC91D,김규자,010-5192-7255,32,여자,제주,제주시 연동,무직,우수,2024-02-26
C4914CDDE,오하율,010-5870-7210,34,남자,울산,동구 방어동,무직,일반,2025-09-17
CD691CA7B,김서연,010-4838-3169,31,여자,전남,순천시 조례동,"전직 온라인 쇼핑 판매원, 현재 구직중",일반,2024-11-30
C08B2E406,박현현,010-8496-2966,25,남자,부산,해운대구 우동,경리 사무원,우수,2024-09-12
C48BE692C,류호철,010-7549-7106,27,남자,부산,사하구 하단동,화학제품 생산 관리자,일반,2025-05-16
C9B205AED,김은숙,010-5696-2327,25,여자,대전,대덕구 송촌동,일반 비서,VIP,2026-02-28
CAF08B9B1,허현영,010-9733-6349,43,여자,울산,울주군 범서읍,그 외 일반 영업원,일반,2026-02-06
CD8893C18,정진란,010-4023-2291,51,여자,도서산간,백령도 진촌리,일반 비서,우수,2025-05-21
C35EA4444,강수준,010-2511-9207,51,여자,서울,마포구 서교동,경영 컨설턴트,일반,2025-04-01
C67291611,홍태식,010-5101-9817,38,여자,경남,거제시 장승포동,무직,일반,2024-02-04
C0487656B,박우원,010-3873-2394,56,남자,대전,유성구 노은동,산업 안전원,우수,2026-04-08
C6270A27C,김아자,010-3441-9195,35,남자,대전,동구 가양동,생산관리 사무원,일반,2024-11-01
C07379C3D,김현원,010-2694-4471,49,남자,서울,용산구 원효로1가,교육 및 훈련 사무원,일반,2026-04-22
C4462B60E,한민현,010-2970-6770,25,여자,전남,목포시 하당,공공행정 사무원,일반,2024-06-18
C6D934C35,송준진,010-3073-8833,44,남자,경남,양산시 물금읍,자재 관리 사무원,일반,2024-02-10
C2B31D6E9,김도환,010-7736-5969,53,남자,서울,강남구 역삼동,그 외 고객 상담 사무원,일반,2024-09-24
C2611FAFB,김규영,010-3157-4699,28,여자,울산,동구 방어동,무직,우수,2024-01-25
C77D07313,조채경,010-7039-9065,42,여자,충남,당진시 수청동,건축시공 기술자,일반,2024-01-07
CF860DEF3,윤지철,,51,여자,서울,용산구 이태원동,사무 보조원,일반,2026-01-03
CF1134FFC,김시숙,010-7848-5294,42,여자,경기,화성시 동탄,무직,일반,2026-03-02
C0CD12F52,조민서,010-4406-7999,47,남자,경북,포항시 남구,무직,일반,2026-04-13
C5545AA92,정성경,010-6310-2512,38,여자,서울,용산구 청파동,사무 보조원,일반,2024-04-07
CFEEC355D,오나우,010-8601-1037,46,남자,충남,아산시 배방읍,사무 보조원,일반,2025-02-02
C0369276D,신태호,010-7090-7921,86,남자,인천,남동구 구월동,무직,일반,2024-06-08
CC2A020A5,강민호,010-7652-1119,32,남자,서울,용산구 원효로1가,신용카드 모집인,일반,2025-11-25
C89F8CCED,서태준,010-6528-4810,46,남자,경기,고양시 일산동구,경영 기획 사무원,우수,2024-07-03
C7CB18132,박예현,010-8012-1705,22,남자,대전,동구 가양동,철도운송 관련 종사원,우수,2024-10-30
CFF0BB7E6,강규현,010-4312-8793,24,여자,울산,북구 명촌동,전화 상담원,우수,2024-11-21
C9250C933,김시자,010-8660-6904,45,여자,경남,진주시 평거동,사무 보조원,일반,2026-02-16
CD3F8F0B7,윤아아,010-2735-9038,33,남자,전남,목포시 하당,기계제품 생산 관리자,일반,2024-05-31
C81BC35D7,김우환,010-5981-5614,58,남자,경기,성남시 분당구,선박교통 관제사,일반,2026-04-12
CE197137A,황승준,010-5660-8885,23,남자,대전,서구 둔산동,무직,일반,2026-01-08
C2887D505,김우영,010-3021-7536,47,남자,강원,원주시 무실동,무직,일반,2025-01-29
C798C1B23,김재란,010-9834-1019,24,남자,대전,대덕구 송촌동,영업 관련 관리자,일반,2025-10-13
C67C917D7,신하경,010-4267-2508,47,여자,서울,마포구 서교동,그 외 고객 상담 사무원,일반,2024-12-06
CF5FBB477,전승경,010-6736-3913,44,남자,울산,동구 방어동,사무 보조원,일반,2026-04-18
CD3EA7566,김정아,010-3918-4328,25,남자,서울,은평구 응암동,무직,일반,2025-10-07
