tracking_no,accepted_at,branch_code,branch_name,sender_id,sender_name,receiver_name,receiver_phone,receiver_area,receiver_dong,region_type,category,item_name,weight_kg,width_cm,height_cm,depth_cm,volume_weight_kg,billed_weight_kg,size_grade,price,eta_date,status,delivered_at,channel
1100000010,2026-08-03 10:05:00,11,서울지점,C101077F7,박호란,김유율,010-4485-4703,울산,북구 명촌동,일반,의류·패션,가방,1.7,38,40,20,5.1,5.1,중형,6000.0,2026-08-04,배송완료,2026-08-04 17:16:00,인터넷접수
1100000053,2026-07-27 12:02:00,11,서울지점,C29AA50BF,김재미,이성원,010-2074-5535,제주,제주시 노형동,제주,도서·문구,노트,0.7,36,30,12,2.2,2.2,소형,7000.0,2026-07-29,배송완료,2026-07-29 18:14:00,방문접수
1100000111,2026-07-14 11:31:00,11,서울지점,C4FB89DC8,김주서,최민철,010-8018-5286,울산,남구 삼산동,일반,전자·디지털,충전기,3.4,27,16,25,1.8,3.4,소형,4000.0,2026-07-15,배송완료,2026-07-15 17:35:00,편의점접수
1100000174,2026-05-12 19:30:00,11,서울지점,C6E578ED8,김아현,정아식,010-4276-4410,서울,용산구 청파동,일반,반려동물,장난감,1.8,23,29,20,2.2,2.2,소형,4000.0,2026-05-13,배송완료,2026-05-13 10:45:00,인터넷접수
1100000210,2026-06-29 15:16:00,11,서울지점,C640E4879,안규호,김영율,010-7686-7226,경기,화성시 동탄,일반,식품,커피원두,2.5,20,17,18,1.0,2.5,소형,4000.0,2026-06-30,배송완료,2026-07-01 18:50:00,인터넷접수
1100000332,2026-07-20 16:23:00,11,서울지점,C9FB86609,최아철,임규서,010-5379-9033,도서산간,백령도 진촌리,도서산간,전자·디지털,충전기,3.4,23,16,13,0.8,3.4,소형,9000.0,2026-07-23,배송완료,2026-07-23 17:59:00,대리점
1100000399,2026-07-14 10:55:00,11,서울지점,C38F14BE4,김주란,문채철,010-7100-3987,제주,서귀포시 중문동,제주,생활용품,빨래건조대,6.7,31,39,24,4.8,6.7,중형,9000.0,2026-07-16,배송완료,2026-07-17 16:21:00,편의점접수
1100000433,2026-06-04 14:55:00,11,서울지점,CFFDB980C,한아자,정채환,010-9611-3803,제주,서귀포시 중문동,제주,가구·침구,베개,4.6,53,47,32,13.3,13.3,대형,12000.0,2026-06-08,배송완료,2026-06-08 14:07:00,인터넷접수
1100000440,2026-06-18 14:38:00,11,서울지점,CFBCE2B3E,김나아,김채철,010-8190-4363,경기,남양주시 다산동,일반,생활용품,빨래건조대,5.6,31,26,16,2.1,5.6,중형,6000.0,2026-06-19,배송완료,2026-06-19 16:04:00,편의점접수
1100000456,2026-07-31 09:19:00,11,서울지점,CDA73C743,정우아,서호빈,010-6442-3052,도서산간,추자도 대서리,도서산간,식품,김치,8.3,27,23,17,1.8,8.3,중형,11000.0,2026-08-05,배송완료,2026-08-05 17:48:00,편의점접수
1100000465,2026-06-16 14:16:00,11,서울지점,C44337150,정지식,정준서,010-8413-9219,제주,제주시 연동,제주,화장품·미용,향수,0.4,31,27,17,2.4,2.4,소형,7000.0,2026-06-18,배송완료,2026-06-18 12:59:00,편의점접수
1100000502,2026-06-01 18:16:00,11,서울지점,CFF26F44F,백우현,김서철,010-6948-5817,경남,김해시 장유동,일반,생활용품,세제,1.5,41,35,12,2.9,2.9,중형,6000.0,2026-06-02,배송완료,2026-06-03 19:13:00,편의점접수
1100000514,2026-07-17 17:47:00,11,서울지점,C2F7C93A2,김민서,김진준,010-6950-8116,서울,마포구 서교동,일반,식품,김치,2.4,26,18,13,1.0,2.4,소형,4000.0,2026-07-20,배송완료,2026-07-20 10:44:00,편의점접수
1100000536,2026-06-01 18:05:00,11,서울지점,C3B88A34F,이윤영,김규환,010-8283-7331,도서산간,흑산도 예리,도서산간,전자·디지털,이어폰,2.4,32,21,26,2.9,2.9,소형,9000.0,2026-06-04,배송완료,2026-06-08 19:13:00,방문접수
1100000539,2026-06-17 15:00:00,11,서울지점,C176F1945,이하경,박승숙,010-6733-4974,대전,대덕구 송촌동,일반,도서·문구,문제집,5.8,31,21,22,2.4,5.8,중형,6000.0,2026-06-18,배송완료,2026-06-18 17:14:00,방문접수
1100000553,2026-05-25 15:50:00,11,서울지점,C6488CB8E,김현율,조민빈,010-2411-2875,제주,서귀포시 중문동,제주,식품,된장,2.9,34,29,26,4.3,4.3,중형,9000.0,2026-05-27,반품,,인터넷접수
1100000565,2026-07-31 18:48:00,11,서울지점,C864F1C01,박예환,정유원,010-2958-1895,경남,거제시 옥포동,일반,화장품·미용,스킨케어세트,0.8,19,14,25,1.1,1.1,극소형,3500.0,2026-08-03,배송완료,2026-08-03 14:30:00,대리점
1100000580,2026-06-23 16:48:00,11,서울지점,CC3F19780,강윤빈,김성진,010-2656-8641,전북,익산시 영등동,일반,식품,쌀,5.3,33,28,27,4.2,5.3,중형,6000.0,2026-06-24,배송완료,2026-06-24 09:28:00,편의점접수
1100000583,2026-05-20 15:27:00,11,서울지점,CFC4D6EBF,윤예란,김하아,010-4288-1905,도서산간,추자도 대서리,도서산간,의류·패션,패딩,0.5,32,40,17,3.6,3.6,중형,11000.0,2026-05-25,배송완료,2026-05-25 14:38:00,편의점접수
1100000613,2026-06-16 19:47:00,11,서울지점,C4914CDDE,오하율,강진자,010-3026-7157,울산,남구 옥동,일반,식품,커피원두,4.1,35,27,23,3.6,4.1,중형,6000.0,2026-06-17,배송완료,2026-06-24 13:04:00,인터넷접수
1100000634,2026-05-31 13:46:00,11,서울지점,CED08E14B,신정빈,황채영,010-7381-4194,경기,고양시 일산동구,일반,화장품·미용,스킨케어세트,0.3,38,30,17,3.2,3.2,중형,6000.0,2026-06-01,배송완료,2026-06-03 14:04:00,대리점
1100000686,2026-07-02 16:16:00,11,서울지점,C4734EB05,이도식,윤현영,010-5007-4544,서울,용산구 후암동,일반,식품,김치,7.9,30,16,15,1.2,7.9,중형,6000.0,2026-07-03,미배송,,방문접수
1100000711,2026-05-04 16:57:00,11,서울지점,CE50F91D1,박현현,정진호,010-7096-8960,제주,제주시 연동,제주,식품,커피원두,5.1,25,24,28,2.8,5.1,중형,9000.0,2026-05-06,배송완료,2026-05-06 14:38:00,인터넷접수
1100000744,2026-07-13 12:43:00,11,서울지점,C12D9F034,이정미,이주준,010-6147-2161,서울,노원구 상계동,일반,식품,건어물,2.6,22,21,24,1.8,2.6,소형,4000.0,2026-07-14,배송완료,2026-07-14 16:36:00,편의점접수
1100000762,2026-06-29 11:12:00,11,서울지점,CCE3AEE98,이하미,최채진,010-5845-9900,도서산간,거문도 서도리,도서산간,도서·문구,다이어리,3.3,21,18,18,1.1,3.3,소형,9000.0,2026-07-02,배송완료,2026-07-02 19:35:00,인터넷접수
1100000806,2026-07-26 17:45:00,11,서울지점,C332F3188,오수환,김예연,010-6013-1315,울산,중구 성남동,일반,화장품·미용,향수,3.0,39,15,9,0.9,3.0,소형,4000.0,2026-07-27,배송완료,2026-07-29 12:27:00,인터넷접수
1100000809,2026-06-29 16:41:00,11,서울지점,C589FA874,장재희,최하철,010-7560-2388,도서산간,울릉도 도동,도서산간,반려동물,사료,2.1,23,23,17,1.5,2.1,소형,9000.0,2026-07-02,배송완료,2026-07-02 12:01:00,편의점접수
1100000810,2026-07-24 10:08:00,11,서울지점,C35922771,김현현,안시현,010-8615-6293,제주,제주시 노형동,제주,의류·패션,원피스,1.1,34,32,16,2.9,2.9,중형,9000.0,2026-07-28,배송완료,2026-07-28 12:13:00,인터넷접수
1100000843,2026-06-15 19:37:00,11,서울지점,CDBF463CD,김성철,최시진,010-5362-4347,제주,서귀포시 중문동,제주,생활용품,주방용품,6.4,40,24,18,2.9,6.4,중형,9000.0,2026-06-17,배송완료,2026-06-17 18:31:00,편의점접수
1100000852,2026-05-18 12:55:00,11,서울지점,C7DE21551,정현아,이태원,010-2865-8623,제주,제주시 연동,제주,식품,건어물,1.1,29,25,25,3.0,3.0,소형,7000.0,2026-05-20,배송완료,2026-05-21 19:22:00,대리점
1100000901,2026-07-27 15:06:00,11,서울지점,C53E0E687,이지진,홍시원,010-8483-1365,경남,거제시 장승포동,일반,전자·디지털,키보드,5.0,19,26,16,1.3,5.0,소형,4000.0,2026-07-28,배송완료,2026-07-28 10:46:00,인터넷접수
1100000966,2026-06-08 18:38:00,11,서울지점,CF8A2A311,김성진,이규식,010-7212-6741,충남,천안시 서북구,일반,의류·패션,패딩,0.5,33,24,26,3.4,3.4,중형,6000.0,2026-06-09,배송완료,2026-06-09 17:01:00,인터넷접수
1100001004,2026-06-19 17:39:00,11,서울지점,C89F8CCED,서태준,박하자,010-2607-6161,경남,거제시 장승포동,일반,생활용품,청소기필터,6.3,49,41,19,6.4,6.4,중형,6000.0,2026-06-22,배송완료,2026-06-22 16:22:00,편의점접수
1100001017,2026-07-22 11:07:00,11,서울지점,C6913CDFA,이준란,최아원,010-5297-7099,경기,수원시 영통구,일반,생활용품,빨래건조대,1.2,39,23,17,2.5,2.5,소형,4000.0,2026-07-23,배송완료,2026-07-24 14:07:00,인터넷접수
1100001020,2026-06-07 11:13:00,11,서울지점,CDD6025F9,문도진,김시아,010-7541-3674,경기,용인시 기흥구,일반,전자·디지털,공유기,2.9,38,25,10,1.6,2.9,소형,4000.0,2026-06-08,배송완료,2026-06-08 11:28:00,인터넷접수
1100001032,2026-06-29 14:09:00,11,서울지점,C0A0D9ECC,김현경,이채현,010-3125-1064,제주,제주시 노형동,제주,식품,라면박스,11.0,35,28,25,4.1,11.0,중형,9000.0,2026-07-01,배송완료,2026-07-01 18:11:00,대리점
1100001077,2026-06-23 16:15:00,11,서울지점,C598E6073,최정미,고호경,010-4125-7220,광주,서구 치평동,일반,식품,쌀,11.8,25,29,21,2.5,11.8,중형,6000.0,2026-06-24,배송완료,2026-06-24 09:15:00,편의점접수
1100001119,2026-05-17 10:41:00,11,서울지점,C857B8036,서성숙,김승환,010-4155-7981,제주,제주시 노형동,제주,식품,커피원두,1.1,29,19,19,1.7,1.7,소형,7000.0,2026-05-19,배송완료,2026-05-19 15:38:00,방문접수
1100001131,2026-07-24 17:11:00,11,서울지점,C9B205AED,김은숙,전연란,010-5634-6640,부산,해운대구 우동,일반,의류·패션,원피스,0.9,32,41,21,4.6,4.6,중형,6000.0,2026-07-27,배송완료,2026-07-27 09:03:00,방문접수
1100001151,2026-06-26 15:38:00,11,서울지점,C3599AA39,박채빈,전도현,010-5174-7544,제주,서귀포시 중문동,제주,의류·패션,운동화,1.4,41,23,24,3.8,3.8,중형,9000.0,2026-06-30,배송완료,2026-06-30 17:47:00,대리점
1100001168,2026-06-11 17:17:00,11,서울지점,CE2567483,이지우,오재현,010-5562-8922,대구,수성구 범어동,일반,식품,과일선물세트,11.3,29,21,12,1.2,11.3,중형,6000.0,2026-06-12,배송완료,2026-06-15 14:47:00,방문접수
1100001197,2026-05-07 15:40:00,11,서울지점,C82217638,손재진,최규진,010-2638-3683,대전,중구 은행동,일반,도서·문구,다이어리,4.7,28,28,15,2.0,4.7,소형,4000.0,2026-05-08,배송완료,2026-05-08 20:44:00,편의점접수
1100001210,2026-06-08 13:59:00,11,서울지점,C6AFB8A38,이현연,박성서,010-3541-6515,경기,용인시 기흥구,일반,화장품·미용,스킨케어세트,1.4,25,27,9,1.0,1.4,소형,4000.0,2026-06-09,배송완료,2026-06-09 09:07:00,편의점접수
1100001217,2026-06-16 13:06:00,11,서울지점,CC62658F6,송영연,최영숙,010-4870-1270,서울,송파구 잠실동,일반,식품,과일선물세트,4.7,33,19,13,1.4,4.7,소형,4000.0,2026-06-17,배송완료,2026-06-17 17:47:00,인터넷접수
1100001249,2026-05-26 12:43:00,11,서울지점,CDA73C743,정우아,이수진,010-6028-8525,도서산간,울릉도 도동,도서산간,생활용품,빨래건조대,6.1,30,39,22,4.3,6.1,중형,11000.0,2026-05-29,배송완료,2026-06-01 12:30:00,편의점접수
1100001286,2026-05-12 18:23:00,11,서울지점,C0838E327,조도아,이성준,010-9433-9187,인천,연수구 송도동,일반,의류·패션,원피스,1.6,34,36,25,5.1,5.1,중형,6000.0,2026-05-13,배송완료,2026-05-14 17:43:00,인터넷접수
1100001300,2026-06-29 15:12:00,11,서울지점,C964587C1,임도환,박서미,010-8304-7626,부산,사하구 하단동,일반,반려동물,장난감,3.8,21,24,15,1.3,3.8,소형,4000.0,2026-06-30,배송완료,2026-07-02 17:51:00,인터넷접수
1100001325,2026-06-23 15:24:00,11,서울지점,CD037D349,장도우,김윤아,010-2515-1555,서울,용산구 청파동,일반,전자·디지털,태블릿케이스,5.1,33,26,26,3.7,5.1,중형,6000.0,2026-06-24,배송완료,2026-06-24 09:42:00,방문접수
1100001365,2026-07-30 12:14:00,11,서울지점,CA2488A42,조정숙,박태영,010-4300-9175,제주,제주시 연동,제주,식품,김치,6.9,34,23,18,2.3,6.9,중형,9000.0,2026-08-03,배송완료,2026-08-03 20:10:00,편의점접수
1100001377,2026-06-10 16:54:00,11,서울지점,C154CC174,송호원,최나영,010-2916-2352,인천,서구 청라동,일반,식품,된장,9.5,27,27,19,2.3,9.5,중형,6000.0,2026-06-11,배송완료,2026-06-11 17:05:00,인터넷접수
1100001427,2026-06-01 09:53:00,11,서울지점,C66B7B8CD,김호경,윤호철,010-5112-7525,경남,진주시 평거동,일반,식품,과일선물세트,1.5,33,27,13,1.9,1.9,소형,4000.0,2026-06-02,배송완료,2026-06-02 20:52:00,인터넷접수
1100001429,2026-06-22 17:22:00,11,서울지점,C341018F7,김진아,김은미,010-8334-5756,광주,광산구 수완동,일반,도서·문구,문제집,10.7,29,22,14,1.5,10.7,중형,6000.0,2026-06-23,배송완료,2026-06-23 10:42:00,편의점접수
1100001460,2026-07-20 10:55:00,11,서울지점,CA5959E5F,이서경,이규진,010-5222-9879,제주,제주시 연동,제주,도서·문구,다이어리,9.0,31,28,28,4.1,9.0,중형,9000.0,2026-07-22,배송완료,2026-07-22 15:04:00,방문접수
1100001495,2026-07-24 17:15:00,11,서울지점,CA681247F,양진란,최예식,010-2596-1623,경기,고양시 일산동구,일반,의류·패션,운동화,2.3,28,27,23,2.9,2.9,소형,4000.0,2026-07-27,배송완료,2026-07-27 17:39:00,방문접수
1100001496,2026-07-27 16:44:00,11,서울지점,C68EF7228,김연자,김시진,010-8332-5548,제주,서귀포시 중문동,제주,도서·문구,노트,6.0,22,23,13,1.1,6.0,중형,9000.0,2026-07-29,배송완료,2026-07-29 11:19:00,편의점접수
1100001567,2026-05-21 15:47:00,11,서울지점,CC184A485,김성자,정주서,010-4267-2056,경남,거제시 장승포동,일반,전자·디지털,모니터,1.3,20,14,21,1.0,1.3,극소형,3500.0,2026-05-22,배송완료,2026-05-22 11:57:00,인터넷접수
1100001612,2026-07-20 11:47:00,11,서울지점,C995150A2,김아우,박지란,010-2975-5123,충남,아산시 배방읍,일반,생활용품,청소기필터,5.5,45,27,32,6.5,6.5,중형,6000.0,2026-07-21,배송완료,2026-07-21 14:59:00,편의점접수
1100001632,2026-05-21 15:55:00,11,서울지점,CE61BD650,김시연,최재준,010-5923-9993,도서산간,울릉도 도동,도서산간,전자·디지털,키보드,1.2,28,32,19,2.8,2.8,소형,9000.0,2026-05-26,배송완료,2026-05-26 17:16:00,방문접수
1100001680,2026-05-19 16:33:00,11,서울지점,C857B8036,서성숙,김도식,010-9528-4307,경북,경주시 황성동,일반,화장품·미용,향수,2.1,21,27,15,1.4,2.1,소형,4000.0,2026-05-20,배송완료,2026-05-20 15:45:00,편의점접수
1100001728,2026-06-15 11:27:00,11,서울지점,CBA93A893,한민원,조은아,010-5467-3313,서울,용산구 한남동,일반,전자·디지털,충전기,4.9,33,15,23,1.9,4.9,소형,4000.0,2026-06-16,배송완료,2026-06-17 20:26:00,방문접수
1100001755,2026-05-30 11:14:00,11,서울지점,CB054BB84,박유아,최준경,010-6975-8652,경남,김해시 장유동,일반,식품,과일선물세트,7.4,26,23,12,1.2,7.4,중형,6000.0,2026-06-01,배송완료,2026-06-01 13:56:00,편의점접수
1100001763,2026-07-09 13:42:00,11,서울지점,C176F1945,이하경,최채경,010-8542-2477,경남,거제시 장승포동,일반,전자·디지털,태블릿케이스,4.0,23,14,9,0.5,4.0,소형,4000.0,2026-07-10,배송완료,2026-07-10 19:21:00,편의점접수
1100001787,2026-07-06 15:42:00,11,서울지점,C89DE6C47,강수연,조정연,010-9153-5968,대전,동구 가양동,일반,생활용품,수납함,7.2,46,28,23,4.9,7.2,중형,6000.0,2026-07-07,배송완료,2026-07-07 15:30:00,방문접수
1100001813,2026-07-14 18:24:00,11,서울지점,CA1509D71,정현숙,이주철,010-5912-1730,제주,서귀포시 중문동,제주,의류·패션,운동화,1.9,42,32,27,6.0,6.0,중형,9000.0,2026-07-16,배송완료,2026-07-16 15:21:00,인터넷접수
1100001869,2026-05-02 12:15:00,11,서울지점,C58B04FBE,김민준,장호희,010-4740-3475,서울,마포구 서교동,일반,화장품·미용,향수,2.5,26,25,25,2.7,2.7,소형,4000.0,2026-05-04,배송완료,2026-05-04 13:50:00,인터넷접수
1100001926,2026-06-25 17:15:00,11,서울지점,C663FE002,이주자,조서철,010-5152-1650,인천,서구 청라동,일반,식품,건어물,9.3,28,30,22,3.1,9.3,중형,6000.0,2026-06-26,배송완료,2026-06-26 11:41:00,대리점
1100001952,2026-05-11 19:58:00,11,서울지점,C3599AA39,박채빈,최규현,010-9949-5845,서울,용산구 원효로1가,일반,의류·패션,가방,1.4,48,22,12,2.1,2.1,중형,6000.0,2026-05-12,배송완료,2026-05-12 18:20:00,인터넷접수
1100001960,2026-06-22 15:29:00,11,서울지점,CFF26F44F,백우현,송연호,010-8013-4680,경북,안동시 옥동,일반,의류·패션,원피스,2.0,45,35,30,7.9,7.9,중형,6000.0,2026-06-23,배송완료,2026-06-23 12:11:00,인터넷접수
1100001961,2026-07-07 11:33:00,11,서울지점,C93401CC5,박호아,이성희,010-6955-9970,제주,제주시 노형동,제주,도서·문구,노트,1.3,32,23,20,2.5,2.5,소형,7000.0,2026-07-09,배송완료,2026-07-09 13:37:00,방문접수
1100001997,2026-07-05 15:33:00,11,서울지점,CF729325D,박서미,안주서,010-6139-3337,경남,거제시 고현동,일반,가구·침구,커튼,3.8,64,53,47,26.6,26.6,초과,,2026-07-06,배송완료,2026-07-07 20:50:00,편의점접수
1100002005,2026-06-01 18:52:00,11,서울지점,C08365604,박진빈,정우숙,010-9255-8047,경남,양산시 물금읍,일반,의류·패션,티셔츠,2.0,28,28,27,3.5,3.5,중형,6000.0,2026-06-02,배송완료,2026-06-02 11:23:00,인터넷접수
1100002087,2026-06-17 17:40:00,11,서울지점,CA84BCAE3,이유란,김영자,010-3442-9950,경남,거제시 옥포동,일반,생활용품,세제,2.6,45,25,21,3.9,3.9,중형,6000.0,2026-06-18,배송완료,2026-06-19 12:24:00,방문접수
1100002097,2026-05-07 15:36:00,11,서울지점,C7B5CA9BD,박성서,정은빈,010-6871-2798,부산,해운대구 우동,일반,전자·디지털,태블릿케이스,5.3,20,28,12,1.1,5.3,중형,6000.0,2026-05-08,배송완료,2026-05-08 20:40:00,대리점
1100002153,2026-05-22 17:04:00,11,서울지점,CA8DF611B,신재미,김하호,010-5810-8220,제주,서귀포시 중문동,제주,의류·패션,모자,1.9,38,33,17,3.6,3.6,중형,9000.0,2026-05-26,배송완료,2026-05-27 13:03:00,편의점접수
1100002203,2026-06-08 16:12:00,11,서울지점,C90B2AD26,고현미,권성준,010-9682-9543,서울,강남구 역삼동,일반,전자·디지털,충전기,4.2,24,24,24,2.3,4.2,소형,4000.0,2026-06-09,배송완료,2026-06-09 09:30:00,인터넷접수
1100002225,2026-05-18 13:25:00,11,서울지점,C2A363D2D,이규빈,한호희,010-5501-6982,제주,서귀포시 중문동,제주,전자·디지털,공유기,5.9,24,16,20,1.3,5.9,중형,9000.0,2026-05-20,배송완료,2026-05-21 17:57:00,편의점접수
1100002248,2026-07-28 10:50:00,11,서울지점,C2F9F0A2C,정우원,임하현,010-5077-5641,서울,은평구 응암동,일반,전자·디지털,이어폰,0.7,35,31,15,2.7,2.7,중형,6000.0,2026-07-29,반품,2026-07-29 20:05:00,인터넷접수
1100002261,2026-05-25 15:52:00,11,서울지점,CFE79FC8A,송우식,전시연,010-6234-3259,제주,서귀포시 중문동,제주,식품,쌀,2.0,32,16,26,2.2,2.2,소형,7000.0,2026-05-27,배송완료,2026-05-28 09:43:00,방문접수
1100002265,2026-07-28 18:31:00,11,서울지점,C347E1234,손영미,임준희,010-5419-1275,경남,거제시 옥포동,일반,식품,라면박스,6.7,38,24,18,2.7,6.7,중형,6000.0,2026-07-29,배송완료,2026-07-31 11:45:00,편의점접수
1100002273,2026-05-15 15:31:00,11,서울지점,CAB692E8B,이윤준,이주경,010-3953-4701,경기,용인시 기흥구,일반,의류·패션,가방,1.7,39,28,18,3.3,3.3,중형,6000.0,2026-05-18,배송완료,2026-05-19 13:06:00,인터넷접수
1100002338,2026-05-11 15:06:00,11,서울지점,C81BC35D7,김우환,강규연,010-8842-5729,경기,부천시 원미구,일반,생활용품,청소기필터,2.0,28,33,25,3.9,3.9,중형,6000.0,2026-05-12,배송완료,2026-05-14 11:58:00,편의점접수
1100002339,2026-05-18 17:54:00,11,서울지점,CD05C3767,유서란,김예자,010-4141-9259,경기,수원시 영통구,일반,의류·패션,가방,1.6,28,26,17,2.1,2.1,소형,4000.0,2026-05-19,배송완료,2026-05-19 19:28:00,방문접수
1100002362,2026-06-22 19:25:00,11,서울지점,CEF09C048,이예준,류수연,010-4266-1025,제주,제주시 연동,제주,생활용품,빨래건조대,7.3,49,28,24,5.5,7.3,중형,9000.0,2026-06-24,배송완료,2026-06-26 13:43:00,방문접수
1100002373,2026-05-25 11:01:00,11,서울지점,C6A53E72B,최우준,배승숙,010-8006-5932,도서산간,추자도 대서리,도서산간,의류·패션,원피스,2.0,41,26,15,2.7,2.7,중형,11000.0,2026-05-28,배송완료,2026-05-28 13:56:00,편의점접수
1100002395,2026-06-01 18:14:00,11,서울지점,C58913D75,박유빈,허시미,010-2233-8917,서울,노원구 상계동,일반,전자·디지털,공유기,3.8,32,26,22,3.1,3.8,소형,4000.0,2026-06-02,미배송,,인터넷접수
1100002405,2026-08-03 18:27:00,11,서울지점,C793EC812,김은진,이우빈,010-7257-4222,경기,용인시 기흥구,일반,도서·문구,노트,11.7,32,28,23,3.4,11.7,중형,6000.0,2026-08-04,배송완료,2026-08-05 20:11:00,편의점접수
1100002420,2026-05-19 15:28:00,11,서울지점,CCF31E316,김아빈,김진율,010-6025-4734,서울,강남구 역삼동,일반,가구·침구,쿠션,5.5,60,50,42,21.0,21.0,대형,9000.0,2026-05-20,배송완료,2026-05-20 10:14:00,방문접수
1100002432,2026-06-18 17:03:00,11,서울지점,C4B022074,황하영,이유준,010-8950-8891,제주,제주시 연동,제주,식품,과일선물세트,3.1,27,29,16,2.1,3.1,소형,7000.0,2026-06-22,배송완료,2026-06-22 15:49:00,방문접수
1100002453,2026-06-04 19:21:00,11,서울지점,C385D1FC3,한은호,박나빈,010-8729-8741,경북,경주시 황성동,일반,식품,건어물,9.5,23,16,28,1.7,9.5,중형,6000.0,2026-06-05,배송완료,2026-06-08 09:13:00,인터넷접수
1100002468,2026-07-30 17:51:00,11,서울지점,CD3C7173F,최승진,정재율,010-3034-9734,경기,부천시 원미구,일반,생활용품,휴지,6.3,29,35,19,3.2,6.3,중형,6000.0,2026-07-31,배송완료,2026-07-31 11:33:00,편의점접수
1100002469,2026-06-03 15:14:00,11,서울지점,C04F94574,강재희,최수연,010-5393-1722,경남,거제시 옥포동,일반,도서·문구,필기구세트,5.5,22,19,27,1.9,5.5,중형,6000.0,2026-06-04,배송완료,2026-06-04 11:24:00,인터넷접수
1100002503,2026-05-26 12:30:00,11,서울지점,C6A53E72B,최우준,권나숙,010-3150-9823,제주,서귀포시 중문동,제주,화장품·미용,스킨케어세트,2.3,28,21,20,2.0,2.3,소형,7000.0,2026-05-28,배송완료,2026-05-28 17:41:00,편의점접수
1100002525,2026-06-12 14:45:00,11,서울지점,C18E8CC96,이지영,이준원,010-3076-9276,제주,서귀포시 중문동,제주,생활용품,빨래건조대,6.8,47,35,26,7.1,7.1,중형,9000.0,2026-06-16,배송완료,2026-06-16 15:51:00,편의점접수
1100002569,2026-08-04 13:14:00,11,서울지점,C6488CB8E,김현율,이정우,010-4317-4891,서울,용산구 후암동,일반,식품,김,7.9,23,27,23,2.4,7.9,중형,6000.0,2026-08-05,간선상차,,방문접수
1100002635,2026-07-31 15:11:00,11,서울지점,C0832D885,홍서진,김예아,010-9173-3958,충남,아산시 배방읍,일반,의류·패션,원피스,2.0,34,39,24,5.3,5.3,중형,6000.0,2026-08-03,배송완료,2026-08-03 15:22:00,인터넷접수
1100002651,2026-06-19 19:30:00,11,서울지점,C6607CB09,오예준,이승연,010-7206-4722,제주,제주시 연동,제주,생활용품,청소기필터,6.2,40,32,14,3.0,6.2,중형,9000.0,2026-06-23,배송완료,2026-06-23 16:31:00,방문접수
1100002682,2026-07-02 19:57:00,11,서울지점,C99096780,이지현,박성서,010-7157-8663,제주,제주시 노형동,제주,식품,커피원두,12.0,36,20,13,1.6,12.0,중형,9000.0,2026-07-06,배송완료,2026-07-06 18:49:00,방문접수
1100002748,2026-06-15 15:11:00,11,서울지점,CDB8AE49A,강재율,최채영,010-4822-2381,서울,용산구 원효로1가,일반,식품,된장,7.1,25,22,27,2.5,7.1,중형,6000.0,2026-06-16,배송완료,2026-06-16 16:10:00,인터넷접수
1100002764,2026-06-01 15:25:00,11,서울지점,C23151BF6,박승현,김호희,010-5765-6465,대구,수성구 범어동,일반,전자·디지털,이어폰,4.0,26,28,9,1.1,4.0,소형,4000.0,2026-06-02,배송완료,2026-06-03 15:58:00,인터넷접수
1100002787,2026-06-29 16:14:00,11,서울지점,CDD7C2889,고예란,홍정율,010-2940-7047,전북,전주시 덕진구,일반,생활용품,수납함,7.6,32,31,31,5.1,7.6,중형,6000.0,2026-06-30,배송완료,2026-06-30 20:12:00,인터넷접수
1100002838,2026-06-08 16:47:00,11,서울지점,CB1A6081F,황현미,이도란,010-2658-9594,제주,제주시 노형동,제주,의류·패션,청바지,0.5,46,24,17,3.1,3.1,중형,9000.0,2026-06-10,배송완료,2026-06-10 09:11:00,방문접수
1100002842,2026-07-02 14:25:00,11,서울지점,C10E4B0D2,정준서,이연연,010-5565-6988,대전,유성구 노은동,일반,의류·패션,패딩,2.4,32,32,31,5.3,5.3,중형,6000.0,2026-07-03,배송완료,2026-07-03 19:38:00,인터넷접수
1100002900,2026-05-12 10:46:00,11,서울지점,C8C1526AA,이도원,허준우,010-2505-9663,대전,서구 둔산동,일반,식품,라면박스,4.6,28,16,24,1.8,4.6,소형,4000.0,2026-05-13,배송완료,2026-05-13 18:11:00,방문접수
1100002930,2026-07-08 17:38:00,11,서울지점,CD914745D,김영율,김나우,010-7458-5824,전북,전주시 덕진구,일반,식품,된장,6.4,30,27,23,3.1,6.4,중형,6000.0,2026-07-09,배송완료,2026-07-09 19:42:00,인터넷접수
1100002936,2026-06-30 18:20:00,11,서울지점,C4A990FC0,김규빈,허은희,010-5861-9762,서울,용산구 청파동,일반,식품,건어물,6.7,30,24,17,2.0,6.7,중형,6000.0,2026-07-01,배송완료,2026-07-01 20:26:00,인터넷접수
1100002984,2026-07-21 10:53:00,11,서울지점,CEF20701F,오연우,정재숙,010-6222-1139,부산,해운대구 우동,일반,의류·패션,패딩,0.7,31,40,24,5.0,5.0,중형,6000.0,2026-07-22,배송완료,2026-07-22 12:41:00,방문접수
1200000350,2026-08-03 11:49:00,12,용산지점,CE7462DF5,최준빈,장예아,010-2559-4977,경남,진주시 초전동,일반,화장품·미용,향수,0.3,19,31,15,1.5,1.5,소형,4000.0,2026-08-04,배송완료,2026-08-11 17:16:00,인터넷접수
1200000425,2026-07-17 17:55:00,12,용산지점,CDE523539,이우영,이성영,010-8217-9800,전남,순천시 조례동,일반,의류·패션,티셔츠,0.6,45,34,22,5.6,5.6,중형,6000.0,2026-07-20,배송완료,2026-07-22 17:35:00,편의점접수
1200000459,2026-06-11 16:15:00,12,용산지점,C2E974619,류지영,오태식,010-3355-1746,강원,강릉시 교동,일반,생활용품,세제,4.9,41,35,29,6.9,6.9,중형,6000.0,2026-06-12,배송완료,2026-06-16 13:42:00,방문접수
1200000522,2026-05-30 15:00:00,12,용산지점,C3611D9C5,이하서,박승연,010-3259-6262,경기,화성시 동탄,일반,의류·패션,모자,0.4,32,34,26,4.7,4.7,중형,6000.0,2026-06-01,배송완료,2026-06-02 14:27:00,인터넷접수
1200000528,2026-06-19 11:27:00,12,용산지점,C3E699135,조규경,한재철,010-5717-4365,서울,마포구 서교동,일반,전자·디지털,공유기,2.8,40,21,23,3.2,3.2,중형,6000.0,2026-06-22,배송완료,2026-06-22 13:12:00,인터넷접수
1200000665,2026-05-11 17:14:00,12,용산지점,CDDA3FA27,전서자,양우준,010-4905-6354,대전,중구 은행동,일반,화장품·미용,스킨케어세트,1.0,38,31,19,3.7,3.7,중형,6000.0,2026-05-12,배송완료,2026-05-13 10:50:00,편의점접수
1200000722,2026-08-03 10:34:00,12,용산지점,C74851D1E,박지연,홍서환,010-4584-2609,부산,동래구 온천동,일반,의류·패션,운동화,2.1,29,24,22,2.6,2.6,소형,4000.0,2026-08-04,배송출발,,편의점접수
1200001070,2026-05-18 16:59:00,12,용산지점,CE61BD650,김시연,이현식,010-2242-7666,울산,울주군 범서읍,일반,반려동물,장난감,2.2,21,29,18,1.8,2.2,소형,4000.0,2026-05-19,배송완료,2026-05-19 12:42:00,방문접수
1200001075,2026-07-30 12:59:00,12,용산지점,C3912C60F,강진희,임영미,010-3450-9486,전북,전주시 덕진구,일반,식품,건어물,6.2,36,17,28,2.9,6.2,중형,6000.0,2026-07-31,배송완료,2026-07-31 20:47:00,편의점접수
1200001336,2026-07-29 09:12:00,12,용산지점,C6047CAF5,안정철,김지영,010-2716-1484,경남,진주시 충무공동,일반,생활용품,청소기필터,1.9,47,40,24,7.5,7.5,중형,6000.0,2026-07-30,배송완료,2026-07-30 17:57:00,인터넷접수
1200001420,2026-05-27 18:03:00,12,용산지점,CE5297175,최주호,박아환,010-3852-7780,세종,새롬동,일반,의류·패션,패딩,1.4,31,41,14,3.0,3.0,중형,6000.0,2026-05-28,배송완료,2026-05-28 18:17:00,인터넷접수
1200001433,2026-06-29 14:30:00,12,용산지점,C0B504EA5,정나율,김성희,010-9927-7151,대전,유성구 노은동,일반,의류·패션,코트,0.9,31,27,24,3.3,3.3,중형,6000.0,2026-06-30,배송완료,2026-06-30 13:26:00,편의점접수
1200001493,2026-05-06 16:05:00,12,용산지점,C078127AE,홍아진,박도영,010-8339-4827,도서산간,백령도 진촌리,도서산간,의류·패션,원피스,1.3,44,41,13,3.9,3.9,중형,11000.0,2026-05-11,배송완료,2026-05-12 11:45:00,인터넷접수
1200001634,2026-07-03 16:18:00,12,용산지점,CA1509D71,정현숙,남성호,010-6738-7191,경기,용인시 기흥구,일반,식품,과일선물세트,10.0,38,22,26,3.6,10.0,중형,6000.0,2026-07-06,배송완료,2026-07-07 19:40:00,대리점
1200001709,2026-07-27 12:19:00,12,용산지점,C4E8D4535,김예진,이현호,010-4597-5597,울산,중구 성남동,일반,의류·패션,모자,0.8,41,22,15,2.3,2.3,소형,4000.0,2026-07-28,배송완료,2026-07-28 17:58:00,방문접수
1200001753,2026-06-02 12:04:00,12,용산지점,C3583DD03,한현진,이태빈,010-3494-1390,제주,제주시 노형동,제주,생활용품,세제,2.9,38,35,16,3.5,3.5,중형,9000.0,2026-06-04,배송완료,2026-06-04 14:18:00,방문접수
1200001808,2026-05-15 14:06:00,12,용산지점,CC7177731,김준서,임연서,010-6071-9055,서울,용산구 한남동,일반,의류·패션,가방,1.3,29,40,12,2.3,2.3,중형,6000.0,2026-05-18,배송완료,2026-05-18 19:38:00,방문접수
1200001843,2026-06-08 14:38:00,12,용산지점,C4EA6ACC8,이나란,박수준,010-4974-2155,경기,남양주시 다산동,일반,식품,김치,7.7,27,16,23,1.7,7.7,중형,6000.0,2026-06-09,배송완료,2026-06-11 15:23:00,인터넷접수
1200001897,2026-07-13 10:20:00,12,용산지점,C902C504C,이지진,김정현,010-9593-1073,대구,달서구 상인동,일반,생활용품,휴지,4.1,36,32,29,5.6,5.6,중형,6000.0,2026-07-14,배송완료,2026-07-14 12:47:00,방문접수
1200001908,2026-05-05 16:48:00,12,용산지점,C0FB8FD70,이도아,김수미,010-3716-1689,대전,중구 은행동,일반,의류·패션,청바지,1.5,39,23,16,2.4,2.4,소형,4000.0,2026-05-06,반품,,편의점접수
1200001943,2026-07-30 12:34:00,12,용산지점,C05E3BCD8,김은철,황태영,010-6864-6887,경기,부천시 원미구,일반,생활용품,휴지,1.7,39,27,24,4.2,4.2,중형,6000.0,2026-07-31,배송완료,2026-08-03 13:19:00,편의점접수
1200002000,2026-06-24 17:55:00,12,용산지점,C35D79120,이서현,황주진,010-3543-9257,서울,용산구 후암동,일반,반려동물,장난감,0.9,26,32,9,1.2,1.2,소형,4000.0,2026-06-25,배송완료,2026-06-25 18:43:00,편의점접수
1200002035,2026-07-20 16:06:00,12,용산지점,CCBFDCE8E,오진호,서재영,010-6886-9803,경남,진주시 초전동,일반,의류·패션,티셔츠,1.3,40,32,24,5.1,5.1,중형,6000.0,2026-07-21,배송완료,2026-07-21 14:04:00,편의점접수
1200002046,2026-05-06 12:47:00,12,용산지점,C7FAE69B9,김준율,조승진,010-5021-3198,도서산간,추자도 대서리,도서산간,식품,된장,11.0,36,16,27,2.6,11.0,중형,11000.0,2026-05-11,배송완료,2026-05-11 11:40:00,편의점접수
1200002048,2026-05-04 10:01:00,12,용산지점,C32C3F080,손시자,이윤철,010-8014-1023,경남,양산시 물금읍,일반,식품,건어물,2.4,26,20,28,2.4,2.4,소형,4000.0,2026-05-05,배송완료,2026-05-05 14:30:00,인터넷접수
1200002063,2026-05-04 15:53:00,12,용산지점,CDB48D910,김수미,박우빈,010-2791-6825,대구,북구 침산동,일반,화장품·미용,향수,1.3,33,15,15,1.2,1.3,소형,4000.0,2026-05-05,배송완료,2026-05-05 10:49:00,인터넷접수
1200002099,2026-07-31 18:44:00,12,용산지점,C76F16F4A,고성현,임아아,010-7674-2702,제주,서귀포시 중문동,제주,의류·패션,가방,1.5,37,29,32,5.7,5.7,중형,9000.0,2026-08-04,배송완료,2026-08-04 19:36:00,대리점
1200002194,2026-07-09 11:52:00,12,용산지점,C96AAE470,윤아경,장수자,010-5965-6010,제주,서귀포시 중문동,제주,도서·문구,책,4.3,35,26,22,3.3,4.3,중형,9000.0,2026-07-13,배송완료,2026-07-14 17:50:00,방문접수
1200002230,2026-05-04 12:36:00,12,용산지점,C3599AA39,박채빈,정정연,010-8518-7844,제주,제주시 연동,제주,생활용품,수납함,4.3,44,28,32,6.6,6.6,중형,9000.0,2026-05-06,배송완료,2026-05-06 19:53:00,인터넷접수
1200002233,2026-05-15 11:36:00,12,용산지점,C10BD07B7,임재란,이승숙,010-8106-5047,부산,부산진구 부전동,일반,생활용품,주방용품,2.9,46,41,13,4.1,4.1,중형,6000.0,2026-05-18,배송완료,2026-05-18 20:50:00,인터넷접수
1200002234,2026-07-20 19:55:00,12,용산지점,C831B3621,장진빈,강유영,010-2995-2240,경기,고양시 일산동구,일반,도서·문구,필기구세트,4.2,30,22,21,2.3,4.2,소형,4000.0,2026-07-21,배송완료,2026-07-21 14:28:00,편의점접수
1200002284,2026-06-08 17:07:00,12,용산지점,CA84BCAE3,이유란,김영진,010-6720-8053,대전,대덕구 송촌동,일반,의류·패션,코트,1.3,42,31,29,6.3,6.3,중형,6000.0,2026-06-09,배송완료,2026-06-10 16:58:00,인터넷접수
1200002377,2026-05-05 17:35:00,12,용산지점,C8529ABF7,임유우,송예식,010-6693-8536,서울,노원구 상계동,일반,의류·패션,청바지,1.5,31,38,15,2.9,2.9,중형,6000.0,2026-05-06,배송완료,2026-05-06 09:20:00,방문접수
1200002580,2026-06-14 14:34:00,12,용산지점,C4926B2D8,김채호,배주철,010-4587-5322,제주,제주시 노형동,제주,식품,라면박스,3.1,31,17,19,1.7,3.1,소형,7000.0,2026-06-16,배송완료,2026-06-16 09:27:00,인터넷접수
1200002606,2026-08-03 14:12:00,12,용산지점,CCE5836E9,박민희,홍은식,010-3452-5914,서울,은평구 응암동,일반,의류·패션,모자,0.5,42,29,25,5.1,5.1,중형,6000.0,2026-08-04,배송완료,2026-08-05 17:53:00,대리점
1200002615,2026-06-18 18:32:00,12,용산지점,CE26A926B,이호진,강민빈,010-8189-8895,경기,용인시 기흥구,일반,식품,커피원두,2.4,25,24,25,2.5,2.5,소형,4000.0,2026-06-19,배송완료,2026-06-22 17:38:00,인터넷접수
1200002755,2026-07-27 17:15:00,12,용산지점,C102148DA,이예원,박나서,010-6259-7509,도서산간,백령도 진촌리,도서산간,식품,김,10.4,21,24,12,1.0,10.4,중형,11000.0,2026-07-30,배송완료,2026-07-30 09:13:00,방문접수
1200002806,2026-06-24 16:20:00,12,용산지점,CED32B643,이준율,김은영,010-6032-3476,대구,북구 침산동,일반,가구·침구,이불,3.1,67,33,37,13.6,13.6,대형,9000.0,2026-06-25,배송완료,2026-06-26 13:07:00,편의점접수
1200002808,2026-06-08 17:19:00,12,용산지점,C2BAA76CB,김아준,강채영,010-8403-1268,서울,노원구 상계동,일반,의류·패션,티셔츠,1.8,36,28,17,2.9,2.9,중형,6000.0,2026-06-09,배송완료,2026-06-09 16:22:00,대리점
1200002876,2026-07-20 09:56:00,12,용산지점,C23EAC842,박진빈,송규란,010-9991-4403,제주,제주시 연동,제주,생활용품,빨래건조대,3.7,39,35,19,4.3,4.3,중형,9000.0,2026-07-22,배송완료,2026-07-23 18:14:00,인터넷접수
1200002882,2026-05-22 15:04:00,12,용산지점,C91AE5D79,안주원,장주철,010-9846-8797,경북,구미시 인동,일반,생활용품,빨래건조대,2.3,49,40,22,7.2,7.2,중형,6000.0,2026-05-25,배송완료,2026-05-25 14:10:00,편의점접수
1200002911,2026-07-02 12:10:00,12,용산지점,C7A80D8E7,이아호,정진연,010-2174-2910,울산,중구 성남동,일반,식품,된장,1.8,37,27,23,3.8,3.8,중형,6000.0,2026-07-03,배송완료,2026-07-03 10:54:00,인터넷접수
2100000180,2026-08-03 11:31:00,21,대전지점,C08365604,박진빈,양현원,010-3762-4772,경남,진주시 충무공동,일반,식품,커피원두,10.5,25,28,25,2.9,10.5,중형,6000.0,2026-08-04,배송완료,2026-08-04 15:17:00,대리점
2100000205,2026-05-11 17:24:00,21,대전지점,CE4906BBC,강규원,이현율,010-3076-5694,경기,용인시 기흥구,일반,식품,된장,2.3,34,24,17,2.3,2.3,소형,4000.0,2026-05-12,배송완료,2026-05-12 11:45:00,편의점접수
2100000228,2026-07-15 14:54:00,21,대전지점,CD5878FED,김연경,조준미,010-7837-8653,서울,마포구 서교동,일반,의류·패션,청바지,1.1,42,32,14,3.1,3.1,중형,6000.0,2026-07-16,배송완료,2026-07-16 12:43:00,편의점접수
2100000305,2026-07-06 10:28:00,21,대전지점,CB51D28AD,윤영진,김호아,010-3500-7006,대전,서구 둔산동,일반,식품,김,7.5,28,22,18,1.8,7.5,중형,6000.0,2026-07-07,배송완료,2026-07-07 13:49:00,인터넷접수
2100000331,2026-06-15 18:24:00,21,대전지점,C3CC62E32,김규희,김아숙,010-8938-4517,충남,당진시 수청동,일반,식품,된장,2.1,20,21,25,1.8,2.1,소형,4000.0,2026-06-16,배송완료,2026-06-17 09:51:00,인터넷접수
2100000438,2026-07-13 18:39:00,21,대전지점,C2F7C93A2,김민서,이민율,010-4942-7737,제주,제주시 연동,제주,생활용품,청소기필터,2.3,43,23,14,2.3,2.3,소형,7000.0,2026-07-15,배송완료,2026-07-15 12:35:00,대리점
2100000520,2026-07-18 12:58:00,21,대전지점,CD78C3B11,조아환,김나아,010-4136-9732,제주,제주시 노형동,제주,의류·패션,모자,0.5,45,23,31,5.3,5.3,중형,9000.0,2026-07-21,배송완료,2026-07-21 19:41:00,편의점접수
2100000525,2026-07-30 12:22:00,21,대전지점,C3E78B8D5,김규호,박도경,010-2664-8179,서울,용산구 청파동,일반,식품,김,3.4,28,27,23,2.9,3.4,소형,4000.0,2026-07-31,배송완료,2026-07-31 11:12:00,인터넷접수
2100000598,2026-05-07 13:55:00,21,대전지점,C7FE87FAE,조재경,이나영,010-8264-8088,도서산간,추자도 대서리,도서산간,식품,라면박스,5.8,21,25,17,1.5,5.8,중형,11000.0,2026-05-12,배송완료,2026-05-12 17:10:00,방문접수
2100000608,2026-06-30 12:24:00,21,대전지점,C0A9D22DD,최호서,김지미,010-3376-6201,전북,전주시 덕진구,일반,식품,과일선물세트,6.1,37,26,19,3.0,6.1,중형,6000.0,2026-07-01,배송완료,2026-07-02 17:39:00,방문접수
2100000647,2026-05-05 15:31:00,21,대전지점,C101077F7,박호란,김우자,010-4248-8714,제주,제주시 노형동,제주,식품,김치,7.1,35,19,14,1.6,7.1,중형,9000.0,2026-05-07,배송완료,2026-05-11 17:21:00,방문접수
2100000680,2026-05-26 11:11:00,21,대전지점,C4B132738,김준연,최재자,010-9606-2906,경남,진주시 초전동,일반,의류·패션,가방,1.5,49,31,28,7.1,7.1,중형,6000.0,2026-05-27,배송완료,2026-05-28 15:40:00,편의점접수
2100000781,2026-06-25 14:20:00,21,대전지점,CCFDE1786,윤예아,김예빈,010-9190-2907,경남,김해시 장유동,일반,의류·패션,운동화,1.0,39,28,14,2.5,2.5,중형,6000.0,2026-06-26,배송완료,2026-06-26 13:55:00,인터넷접수
2100000829,2026-06-18 18:34:00,21,대전지점,CB6CD848C,이윤진,송영환,010-4311-6650,대전,동구 가양동,일반,반려동물,장난감,2.0,27,21,15,1.4,2.0,소형,4000.0,2026-06-19,배송완료,2026-06-19 20:17:00,편의점접수
2100000849,2026-07-12 13:56:00,21,대전지점,C713DB183,김우진,김서연,010-9679-2995,서울,강남구 역삼동,일반,의류·패션,운동화,0.9,31,42,30,6.5,6.5,중형,6000.0,2026-07-13,배송완료,2026-07-15 20:52:00,편의점접수
2100000912,2026-07-30 15:16:00,21,대전지점,C6FC49349,조유환,이수우,010-9581-1043,세종,한솔동,일반,식품,과일선물세트,10.6,25,30,16,2.0,10.6,중형,6000.0,2026-07-31,배송완료,2026-07-31 13:25:00,방문접수
2100001156,2026-07-03 16:10:00,21,대전지점,C57285F15,서지영,이우환,010-9394-3155,제주,서귀포시 중문동,제주,도서·문구,필기구세트,3.4,26,19,16,1.3,3.4,소형,7000.0,2026-07-07,미배송,,인터넷접수
2100001224,2026-06-01 18:56:00,21,대전지점,CDF0877C1,김은철,김우자,010-8336-6658,울산,남구 삼산동,일반,생활용품,주방용품,7.1,35,29,19,3.2,7.1,중형,6000.0,2026-06-02,배송완료,2026-06-03 11:24:00,편의점접수
2100001415,2026-05-12 18:26:00,21,대전지점,CB3D1C896,정아서,임수서,010-2345-3986,서울,용산구 청파동,일반,화장품·미용,헤어드라이어,1.4,31,32,15,2.5,2.5,소형,4000.0,2026-05-13,배송완료,2026-05-13 18:51:00,편의점접수
2100001446,2026-06-29 17:35:00,21,대전지점,C995150A2,김아우,황우자,010-9674-9966,서울,용산구 한남동,일반,식품,된장,3.6,28,16,25,1.9,3.6,소형,4000.0,2026-06-30,배송완료,2026-06-30 13:48:00,편의점접수
2100001482,2026-06-19 15:27:00,21,대전지점,C793EC812,김은진,정주경,010-3966-8969,대전,유성구 봉명동,일반,생활용품,수납함,1.1,37,37,14,3.2,3.2,중형,6000.0,2026-06-22,배송완료,2026-06-23 14:51:00,편의점접수
2100001631,2026-06-02 17:26:00,21,대전지점,C9B60964E,김현호,고수호,010-9952-2673,경기,고양시 일산동구,일반,가구·침구,커튼,1.1,62,44,25,11.4,11.4,대형,9000.0,2026-06-03,배송완료,2026-06-04 12:10:00,방문접수
2100001643,2026-05-05 10:25:00,21,대전지점,C0E684E7F,한채숙,오은자,010-3000-2324,제주,제주시 노형동,제주,의류·패션,운동화,1.0,38,42,16,4.3,4.3,중형,9000.0,2026-05-07,배송완료,2026-05-07 15:41:00,편의점접수
2100001654,2026-06-10 18:38:00,21,대전지점,CD2FBC3F5,한수영,안규원,010-7438-2448,도서산간,백령도 진촌리,도서산간,의류·패션,가방,1.2,42,31,24,5.2,5.2,중형,11000.0,2026-06-15,배송완료,2026-06-16 11:23:00,인터넷접수
2100001661,2026-05-21 16:21:00,21,대전지점,C8BA4B298,고태진,정하아,010-4765-2766,경기,성남시 분당구,일반,화장품·미용,샴푸,2.4,36,14,15,1.3,2.4,소형,4000.0,2026-05-22,배송완료,2026-05-22 09:32:00,편의점접수
2100001676,2026-05-21 18:56:00,21,대전지점,C942A9BE7,황채철,박시미,010-6410-9373,경남,진주시 평거동,일반,의류·패션,코트,1.0,50,41,18,6.2,6.2,중형,6000.0,2026-05-22,미배송,,편의점접수
2100001849,2026-05-18 15:07:00,21,대전지점,CD3C7173F,최승진,서주율,010-4562-7950,서울,마포구 서교동,일반,식품,된장,10.3,27,23,25,2.6,10.3,중형,6000.0,2026-05-19,배송완료,2026-05-19 18:30:00,인터넷접수
2100002112,2026-06-23 09:44:00,21,대전지점,C7BE7B1DD,강성희,백호식,010-6757-4980,서울,용산구 청파동,일반,생활용품,수납함,5.5,36,28,24,4.0,5.5,중형,6000.0,2026-06-24,배송완료,2026-06-24 17:34:00,편의점접수
2100002116,2026-06-13 09:17:00,21,대전지점,CAECFEA7D,류시현,강규호,010-9555-5995,대전,유성구 봉명동,일반,생활용품,주방용품,4.6,30,32,24,3.8,4.6,중형,6000.0,2026-06-15,배송완료,2026-06-16 18:42:00,편의점접수
2100002136,2026-06-14 17:27:00,21,대전지점,C9B2127BB,이정호,최재현,010-5306-2217,전남,목포시 하당,일반,생활용품,수납함,3.0,41,42,27,7.7,7.7,중형,6000.0,2026-06-15,배송완료,2026-06-16 10:45:00,대리점
2100002300,2026-06-01 11:23:00,21,대전지점,C168FFFEB,김승철,김현연,010-7844-4438,경남,거제시 고현동,일반,도서·문구,다이어리,1.1,22,19,20,1.4,1.4,소형,4000.0,2026-06-02,배송완료,2026-06-02 10:36:00,방문접수
2100002311,2026-05-26 18:05:00,21,대전지점,CA954676C,강유아,최연아,010-2785-1638,서울,송파구 잠실동,일반,가구·침구,커튼,4.0,52,44,46,17.5,17.5,대형,9000.0,2026-05-27,배송완료,2026-06-03 10:38:00,방문접수
2100002379,2026-06-03 11:29:00,21,대전지점,CB0346B29,김진준,남현경,010-6904-4279,제주,제주시 연동,제주,의류·패션,패딩,0.7,39,30,29,5.7,5.7,중형,9000.0,2026-06-05,배송완료,2026-06-05 09:26:00,편의점접수
2100002393,2026-07-17 14:15:00,21,대전지점,C1ED60A81,송주자,박유진,010-3230-6442,경기,남양주시 다산동,일반,식품,쌀,4.2,26,18,27,2.1,4.2,소형,4000.0,2026-07-20,배송완료,2026-07-21 18:26:00,대리점
2100002411,2026-05-14 11:02:00,21,대전지점,CF872F0CD,오진영,남연희,010-4273-3396,제주,제주시 노형동,제주,생활용품,청소기필터,1.2,47,37,26,7.5,7.5,중형,9000.0,2026-05-18,배송완료,2026-05-18 12:45:00,편의점접수
2100002433,2026-07-21 10:43:00,21,대전지점,C06E52F57,권규영,남시진,010-6907-5945,충남,아산시 배방읍,일반,전자·디지털,이어폰,1.7,31,19,16,1.6,1.7,소형,4000.0,2026-07-22,배송완료,2026-07-24 14:53:00,대리점
2100002446,2026-07-29 15:41:00,21,대전지점,CA5A2F4EB,한영영,김우숙,010-8956-6777,제주,서귀포시 중문동,제주,의류·패션,모자,0.8,49,42,24,8.2,8.2,중형,9000.0,2026-07-31,배송완료,2026-07-31 20:15:00,인터넷접수
2100002454,2026-06-04 12:53:00,21,대전지점,CA84FC9C1,문채식,박연율,010-3065-5835,대전,중구 은행동,일반,전자·디지털,이어폰,4.9,40,26,24,4.2,4.9,중형,6000.0,2026-06-05,배송완료,2026-06-05 12:58:00,편의점접수
2100002558,2026-06-26 11:28:00,21,대전지점,C7796B324,김도현,김태철,010-2705-6328,제주,제주시 연동,제주,전자·디지털,공유기,3.8,37,18,14,1.6,3.8,소형,7000.0,2026-06-30,배송완료,2026-06-30 15:25:00,방문접수
2100002663,2026-05-04 13:17:00,21,대전지점,CA8D35F15,강도호,임민우,010-3644-7642,대전,대덕구 송촌동,일반,전자·디지털,태블릿케이스,6.0,36,31,18,3.3,6.0,중형,6000.0,2026-05-05,배송완료,2026-05-06 16:45:00,방문접수
2100002683,2026-05-05 16:27:00,21,대전지점,CB593B690,김윤경,이규미,010-7845-8829,울산,울주군 범서읍,일반,생활용품,휴지,5.2,34,26,23,3.4,5.2,중형,6000.0,2026-05-06,배송완료,2026-05-06 13:21:00,방문접수
2100002692,2026-05-11 09:30:00,21,대전지점,C964587C1,임도환,이성연,010-7249-1022,서울,송파구 잠실동,일반,생활용품,세제,1.3,32,30,12,1.9,1.9,소형,4000.0,2026-05-12,배송완료,2026-05-12 16:33:00,편의점접수
2100002784,2026-06-22 17:21:00,21,대전지점,CB18388E6,박예철,황연영,010-2686-5255,대전,동구 가양동,일반,의류·패션,코트,0.9,34,37,12,2.5,2.5,중형,6000.0,2026-06-23,배송완료,2026-06-23 15:25:00,대리점
2100002802,2026-05-05 09:58:00,21,대전지점,CD3EA7566,김정아,김주아,010-7159-1212,울산,북구 명촌동,일반,식품,김치,10.3,30,28,15,2.1,10.3,중형,6000.0,2026-05-06,배송완료,2026-05-06 19:40:00,인터넷접수
2100002843,2026-05-11 14:01:00,21,대전지점,C2AEE3318,김윤경,전현식,010-7430-3571,서울,용산구 청파동,일반,의류·패션,코트,0.6,38,41,13,3.4,3.4,중형,6000.0,2026-05-12,배송완료,2026-05-13 20:09:00,인터넷접수
2100002865,2026-06-06 12:25:00,21,대전지점,C173213BF,김주진,이영빈,010-9613-7463,서울,마포구 서교동,일반,전자·디지털,이어폰,0.4,32,17,22,2.0,2.0,소형,4000.0,2026-06-08,배송완료,2026-06-08 19:30:00,방문접수
2100002880,2026-05-14 14:08:00,21,대전지점,C284C8539,류시우,정규원,010-9855-3397,제주,제주시 노형동,제주,화장품·미용,스킨케어세트,0.4,32,25,15,2.0,2.0,소형,7000.0,2026-05-18,반품,,편의점접수
2100002898,2026-07-08 14:57:00,21,대전지점,C7231C2B7,김민식,이진철,010-4574-9291,서울,노원구 상계동,일반,생활용품,휴지,2.6,33,41,12,2.7,2.7,중형,6000.0,2026-07-09,배송완료,2026-07-09 14:24:00,편의점접수
3100000051,2026-07-02 13:40:00,31,진주지점,C35F99C6F,박서식,조유준,010-2147-8679,서울,용산구 청파동,일반,도서·문구,다이어리,1.8,33,22,18,2.2,2.2,소형,4000.0,2026-07-03,배송완료,2026-07-03 14:08:00,편의점접수
3100000057,2026-06-22 12:15:00,31,진주지점,C995150A2,김아우,송준아,010-3446-4384,대구,수성구 범어동,일반,화장품·미용,스킨케어세트,0.7,27,32,23,3.3,3.3,중형,6000.0,2026-06-23,배송완료,2026-06-24 19:37:00,인터넷접수
3100000085,2026-07-01 14:23:00,31,진주지점,C6913CDFA,이준란,최서연,010-9110-6539,서울,용산구 후암동,일반,의류·패션,청바지,1.9,47,37,29,8.4,8.4,중형,6000.0,2026-07-02,배송완료,2026-07-02 12:17:00,인터넷접수
3100000094,2026-05-04 14:21:00,31,진주지점,C8DC413E5,김진숙,이연란,010-5802-2696,대전,동구 가양동,일반,식품,된장,11.7,21,26,20,1.8,11.7,중형,6000.0,2026-05-05,반품,,편의점접수
3100000172,2026-07-06 14:15:00,31,진주지점,CA933F4BA,홍시호,이재연,010-3721-2393,제주,서귀포시 중문동,제주,전자·디지털,공유기,1.9,33,28,22,3.4,3.4,중형,9000.0,2026-07-08,배송완료,2026-07-08 12:33:00,대리점
3100000201,2026-07-06 16:46:00,31,진주지점,CCC4B1991,박지빈,강아철,010-3828-2179,서울,마포구 서교동,일반,의류·패션,운동화,0.6,43,36,13,3.4,3.4,중형,6000.0,2026-07-07,배송완료,2026-07-07 19:49:00,방문접수
3100000222,2026-07-07 12:52:00,31,진주지점,C4926B2D8,김채호,장서원,010-7189-8960,울산,남구 삼산동,일반,식품,과일선물세트,7.4,24,28,21,2.4,7.4,중형,6000.0,2026-07-08,배송완료,2026-07-10 10:59:00,대리점
3100000281,2026-05-20 12:20:00,31,진주지점,C39C535B9,강현빈,이영아,010-5244-5807,경남,진주시 초전동,일반,의류·패션,모자,0.5,36,36,25,5.4,5.4,중형,6000.0,2026-05-21,배송완료,2026-05-21 11:03:00,인터넷접수
3100000313,2026-05-11 17:31:00,31,진주지점,C4462B60E,한민현,박유아,010-8089-2603,서울,강남구 역삼동,일반,생활용품,청소기필터,6.4,32,37,26,5.1,6.4,중형,6000.0,2026-05-12,배송완료,2026-05-12 11:28:00,편의점접수
3100000383,2026-06-12 10:22:00,31,진주지점,CFF22484C,김현희,박성서,010-3661-1404,서울,용산구 이태원동,일반,의류·패션,운동화,1.7,29,28,17,2.3,2.3,소형,4000.0,2026-06-15,배송완료,2026-06-15 12:42:00,편의점접수
3100000415,2026-06-24 16:13:00,31,진주지점,CFCC417C7,오은환,송주숙,010-4445-3449,제주,서귀포시 중문동,제주,전자·디지털,이어폰,2.1,35,18,24,2.5,2.5,소형,7000.0,2026-06-26,배송완료,2026-06-29 19:27:00,인터넷접수
3100000435,2026-07-03 15:39:00,31,진주지점,C9BA24C67,박영연,신승아,010-6191-7006,대전,대덕구 송촌동,일반,식품,된장,6.2,22,16,13,0.8,6.2,중형,6000.0,2026-07-06,배송완료,2026-07-06 18:16:00,방문접수
3100000705,2026-07-03 17:53:00,31,진주지점,C0B504EA5,정나율,전성원,010-6372-5440,서울,강남구 역삼동,일반,의류·패션,모자,2.2,45,28,12,2.5,2.5,중형,6000.0,2026-07-06,배송완료,2026-07-07 18:52:00,인터넷접수
3100000716,2026-07-06 15:37:00,31,진주지점,C84646D56,최예식,윤윤환,010-7753-6967,충남,천안시 서북구,일반,생활용품,청소기필터,0.7,41,30,28,5.7,5.7,중형,6000.0,2026-07-07,배송완료,2026-07-07 18:48:00,인터넷접수
3100000923,2026-06-15 11:31:00,31,진주지점,C532AAAD8,허시영,박민아,010-6221-2099,경기,수원시 영통구,일반,생활용품,세제,0.7,47,42,26,8.6,8.6,중형,6000.0,2026-06-16,배송완료,2026-06-17 10:42:00,편의점접수
3100000952,2026-07-07 19:55:00,31,진주지점,C308429AB,서하아,최정진,010-3482-2089,대전,유성구 봉명동,일반,식품,쌀,1.3,20,25,17,1.4,1.4,소형,4000.0,2026-07-08,배송완료,2026-07-08 10:23:00,방문접수
3100000990,2026-07-13 17:15:00,31,진주지점,C59B431E3,장우연,권예서,010-2294-3333,서울,용산구 원효로1가,일반,의류·패션,모자,2.3,32,30,13,2.1,2.3,소형,4000.0,2026-07-14,배송완료,2026-07-14 19:50:00,방문접수
3100001097,2026-07-31 19:51:00,31,진주지점,C53D9810E,임준빈,송채아,010-8590-4600,대전,유성구 노은동,일반,의류·패션,청바지,0.7,32,22,29,3.4,3.4,중형,6000.0,2026-08-03,반품,,편의점접수
3100001116,2026-07-13 16:43:00,31,진주지점,C58B04FBE,김민준,권나자,010-3993-2076,대전,중구 은행동,일반,도서·문구,노트,8.2,35,23,19,2.5,8.2,중형,6000.0,2026-07-14,배송완료,2026-07-15 14:40:00,인터넷접수
3100001121,2026-06-05 13:41:00,31,진주지점,C9EE95090,김호환,신시진,010-4889-4834,전북,전주시 덕진구,일반,화장품·미용,향수,1.2,27,30,8,1.1,1.2,소형,4000.0,2026-06-08,배송완료,2026-06-08 11:35:00,방문접수
3100001190,2026-07-21 19:25:00,31,진주지점,C8EC787C5,최채준,김하환,010-5448-6685,경북,구미시 인동,일반,식품,건어물,8.4,34,24,12,1.6,8.4,중형,6000.0,2026-07-22,배송완료,2026-07-23 18:11:00,방문접수
3100001213,2026-06-24 17:55:00,31,진주지점,CE41FED7D,김정영,이도숙,010-7794-5398,제주,서귀포시 중문동,제주,식품,커피원두,8.4,35,24,18,2.5,8.4,중형,9000.0,2026-06-26,배송완료,2026-06-26 15:11:00,편의점접수
3100001318,2026-07-01 19:04:00,31,진주지점,CA7DC15AE,박도아,박현미,010-7295-8597,경남,양산시 물금읍,일반,식품,김치,8.6,23,28,25,2.7,8.6,중형,6000.0,2026-07-02,미배송,,편의점접수
3100001351,2026-06-29 13:25:00,31,진주지점,CE38C61B0,안하호,한은연,010-7698-1896,서울,용산구 청파동,일반,식품,커피원두,5.8,26,26,27,3.0,5.8,중형,6000.0,2026-06-30,배송완료,2026-06-30 20:48:00,방문접수
3100001461,2026-05-23 16:36:00,31,진주지점,C2887D505,김우영,김윤진,010-4199-5630,서울,강남구 역삼동,일반,식품,김,6.7,21,29,25,2.5,6.7,중형,6000.0,2026-05-25,배송완료,2026-05-25 13:46:00,방문접수
3100001515,2026-06-05 16:33:00,31,진주지점,C77BA4402,조예율,박채숙,010-8726-2019,대구,수성구 범어동,일반,전자·디지털,키보드,4.6,23,21,16,1.3,4.6,소형,4000.0,2026-06-08,배송완료,2026-06-08 12:39:00,편의점접수
3100001519,2026-06-26 16:35:00,31,진주지점,CF3B71D92,강민호,고호식,010-5864-8313,경북,안동시 옥동,일반,전자·디지털,충전기,2.8,38,32,15,3.0,3.0,중형,6000.0,2026-06-29,배송완료,2026-06-30 16:47:00,인터넷접수
3100001673,2026-06-17 13:18:00,31,진주지점,C01674721,김채숙,강주호,010-2038-2644,전남,순천시 조례동,일반,식품,김,3.1,23,16,21,1.3,3.1,소형,4000.0,2026-06-18,배송완료,2026-06-22 13:24:00,대리점
3100001766,2026-07-07 14:09:00,31,진주지점,C2F07EB71,정시진,이윤미,010-2881-1527,울산,남구 옥동,일반,식품,김,5.0,22,19,15,1.0,5.0,소형,4000.0,2026-07-08,배송완료,2026-07-10 14:39:00,방문접수
3100001795,2026-06-15 15:16:00,31,진주지점,CFA615E5A,이채식,이예연,010-6057-1966,전남,목포시 하당,일반,의류·패션,운동화,0.5,44,41,25,7.5,7.5,중형,6000.0,2026-06-16,배송완료,2026-06-17 13:17:00,방문접수
3100001847,2026-05-18 11:56:00,31,진주지점,C852DC4BE,박준란,문예서,010-5479-4792,경남,거제시 옥포동,일반,생활용품,주방용품,1.2,33,31,17,2.9,2.9,중형,6000.0,2026-05-19,배송완료,2026-05-19 17:20:00,방문접수
3100001890,2026-07-15 18:08:00,31,진주지점,C798C1B23,김재란,송유연,010-2142-4075,서울,용산구 한남동,일반,식품,김치,10.6,30,24,22,2.6,10.6,중형,6000.0,2026-07-16,배송완료,2026-07-20 12:01:00,방문접수
3100001978,2026-07-22 16:20:00,31,진주지점,C3F9A2591,이나식,정규호,010-7154-4148,전북,익산시 영등동,일반,생활용품,빨래건조대,1.3,33,37,14,2.8,2.8,중형,6000.0,2026-07-23,배송완료,2026-07-24 13:31:00,인터넷접수
3100002008,2026-05-18 16:50:00,31,진주지점,C0CACC56C,조영자,김준미,010-3124-7330,제주,서귀포시 중문동,제주,의류·패션,패딩,2.3,32,27,22,3.2,3.2,중형,9000.0,2026-05-20,배송완료,2026-05-22 10:23:00,인터넷접수
3100002040,2026-07-23 11:54:00,31,진주지점,C0838E327,조도아,신준미,010-6880-3545,부산,사하구 하단동,일반,생활용품,휴지,6.4,44,33,12,2.9,6.4,중형,6000.0,2026-07-24,배송완료,2026-07-24 13:57:00,편의점접수
3100002249,2026-06-25 15:09:00,31,진주지점,CD804CBEB,고은우,이도빈,010-2557-5778,서울,송파구 잠실동,일반,가구·침구,커튼,4.5,64,49,36,18.8,18.8,대형,9000.0,2026-06-26,배송완료,2026-06-26 13:52:00,편의점접수
3100002321,2026-05-29 10:07:00,31,진주지점,CFBAE3558,이서빈,최주율,010-3604-6364,대구,수성구 범어동,일반,의류·패션,패딩,1.2,34,29,14,2.3,2.3,소형,4000.0,2026-06-01,배송완료,2026-06-01 10:09:00,방문접수
3100002450,2026-05-11 11:13:00,31,진주지점,C7CC27CD0,김연란,류우빈,010-4293-4423,제주,서귀포시 중문동,제주,가구·침구,러그,4.5,51,47,44,17.6,17.6,대형,12000.0,2026-05-13,배송완료,2026-05-13 15:48:00,편의점접수
3100002510,2026-07-15 17:07:00,31,진주지점,C702C4381,이호숙,이채아,010-5471-7391,서울,노원구 상계동,일반,식품,건어물,7.7,35,21,21,2.6,7.7,중형,6000.0,2026-07-16,배송완료,2026-07-16 10:28:00,편의점접수
3100002519,2026-05-28 11:58:00,31,진주지점,CE38C61B0,안하호,신영빈,010-7482-9593,서울,용산구 후암동,일반,식품,된장,5.1,27,25,15,1.7,5.1,중형,6000.0,2026-05-29,배송완료,2026-05-29 16:16:00,인터넷접수
3100002626,2026-06-15 11:00:00,31,진주지점,C06436893,김시준,배연자,010-6133-2152,경기,수원시 영통구,일반,식품,라면박스,1.3,27,30,16,2.2,2.2,소형,4000.0,2026-06-16,배송완료,2026-06-17 18:22:00,인터넷접수
3100002650,2026-06-15 12:47:00,31,진주지점,C7BF9EFAD,윤하숙,유주율,010-5196-7758,부산,해운대구 우동,일반,생활용품,세제,4.6,45,37,27,7.5,7.5,중형,6000.0,2026-06-16,배송완료,2026-06-16 16:28:00,방문접수
3100002849,2026-06-08 11:58:00,31,진주지점,C66F7516E,김하철,안시빈,010-9019-3976,전북,전주시 덕진구,일반,생활용품,수납함,5.8,40,23,20,3.1,5.8,중형,6000.0,2026-06-09,배송완료,2026-06-09 20:49:00,편의점접수
3200000061,2026-07-01 13:35:00,32,거제지점,C4D159EEA,이성현,안성환,010-5818-5023,경남,진주시 충무공동,일반,생활용품,청소기필터,3.5,28,39,17,3.1,3.5,중형,6000.0,2026-07-02,미배송,,편의점접수
3200000062,2026-07-20 10:55:00,32,거제지점,CEB7FD892,송민율,김성빈,010-8049-5516,제주,서귀포시 중문동,제주,도서·문구,책,7.3,30,29,17,2.5,7.3,중형,9000.0,2026-07-22,배송완료,2026-07-23 09:24:00,인터넷접수
3200000395,2026-06-10 18:37:00,32,거제지점,C6E85BF03,이호자,김진율,010-9455-7907,도서산간,흑산도 예리,도서산간,의류·패션,코트,1.3,48,24,27,5.2,5.2,중형,11000.0,2026-06-15,배송완료,2026-06-15 10:41:00,편의점접수
3200000754,2026-06-11 10:36:00,32,거제지점,C79052336,이연호,정규진,010-3740-8622,도서산간,거문도 서도리,도서산간,식품,쌀,2.0,37,24,14,2.1,2.1,소형,9000.0,2026-06-16,배송완료,2026-06-22 13:13:00,방문접수
3200000945,2026-06-26 18:10:00,32,거제지점,C0A9D22DD,최호서,김지원,010-6673-8057,도서산간,흑산도 예리,도서산간,생활용품,휴지,7.4,37,40,21,5.2,7.4,중형,11000.0,2026-07-01,배송완료,2026-07-01 19:03:00,편의점접수
3200001063,2026-06-16 15:46:00,32,거제지점,C6938BB54,김지호,박주호,010-8794-7352,대전,유성구 봉명동,일반,도서·문구,문제집,2.2,36,29,19,3.3,3.3,중형,6000.0,2026-06-17,배송완료,2026-06-17 09:26:00,인터넷접수
3200001177,2026-05-10 16:34:00,32,거제지점,C704105DD,오하진,이우현,010-4038-5065,울산,중구 성남동,일반,도서·문구,다이어리,2.3,33,26,27,3.9,3.9,중형,6000.0,2026-05-11,배송완료,2026-05-11 11:15:00,편의점접수
3200001343,2026-07-31 11:41:00,32,거제지점,CA681247F,양진란,최우호,010-2395-5615,충북,청주시 흥덕구,일반,전자·디지털,공유기,4.5,40,18,18,2.2,4.5,소형,4000.0,2026-08-03,배송완료,2026-08-08 14:32:00,방문접수
3200001785,2026-07-08 16:24:00,32,거제지점,CFF27B368,서성연,김예진,010-8426-3435,서울,용산구 이태원동,일반,생활용품,주방용품,7.5,31,28,26,3.8,7.5,중형,6000.0,2026-07-09,미배송,,인터넷접수
3200001916,2026-06-15 15:28:00,32,거제지점,C1EE5E717,전호숙,강규율,010-4629-6806,제주,제주시 노형동,제주,식품,커피원두,2.5,24,20,24,1.9,2.5,소형,7000.0,2026-06-17,배송완료,2026-06-22 11:21:00,편의점접수
3200001987,2026-07-17 15:40:00,32,거제지점,CD626C75C,안유우,송유현,010-6912-8562,제주,서귀포시 중문동,제주,전자·디지털,모니터,5.2,27,21,22,2.1,5.2,중형,9000.0,2026-07-21,배송완료,2026-07-21 15:16:00,인터넷접수
3200002185,2026-07-20 16:54:00,32,거제지점,CE65CF329,신나원,김유환,010-7276-6905,경기,화성시 동탄,일반,도서·문구,노트,1.4,38,16,16,1.6,1.6,소형,4000.0,2026-07-21,배송완료,2026-07-25 16:39:00,편의점접수
3200002222,2026-06-30 10:34:00,32,거제지점,CE4906BBC,강규원,박채율,010-2972-7279,제주,서귀포시 중문동,제주,생활용품,청소기필터,1.7,41,40,28,7.7,7.7,중형,9000.0,2026-07-02,배송완료,2026-07-06 09:05:00,인터넷접수
3200002489,2026-05-04 16:06:00,32,거제지점,C48BE692C,류호철,김호율,010-3075-2681,경남,거제시 옥포동,일반,의류·패션,패딩,2.2,47,24,24,4.5,4.5,중형,6000.0,2026-05-05,배송완료,2026-05-05 14:07:00,인터넷접수
3200002647,2026-07-15 17:35:00,32,거제지점,C0EA9ABB4,이성원,김윤연,010-6452-5778,서울,노원구 상계동,일반,식품,된장,11.4,28,16,18,1.3,11.4,중형,6000.0,2026-07-16,배송완료,2026-07-19 11:18:00,인터넷접수
3200002970,2026-05-18 15:49:00,32,거제지점,C8529ABF7,임유우,강준숙,010-8002-6866,경남,양산시 물금읍,일반,생활용품,휴지,3.5,43,32,27,6.2,6.2,중형,6000.0,2026-05-19,미배송,,편의점접수
4100000004,2026-05-22 15:19:00,41,울산지점,C32CAE732,김성란,김윤현,010-3701-7422,인천,서구 청라동,일반,생활용품,청소기필터,2.2,47,42,24,7.9,7.9,중형,6000.0,2026-05-25,배송완료,2026-05-26 20:23:00,방문접수
4100000084,2026-05-13 15:48:00,41,울산지점,C16EFA169,김나아,이예아,010-4961-9205,제주,제주시 노형동,제주,식품,김치,3.3,27,25,22,2.5,3.3,소형,7000.0,2026-05-15,배송완료,2026-05-15 17:16:00,대리점
4100000112,2026-07-21 16:16:00,41,울산지점,CAA47C122,황아현,이영원,010-7612-2728,도서산간,흑산도 예리,도서산간,생활용품,휴지,5.6,31,26,21,2.8,5.6,중형,11000.0,2026-07-24,배송완료,2026-07-24 16:03:00,편의점접수
4100000178,2026-05-08 16:03:00,41,울산지점,CA73F964E,최호우,박영빈,010-5680-7170,서울,용산구 이태원동,일반,식품,과일선물세트,10.1,38,19,25,3.0,10.1,중형,6000.0,2026-05-11,배송완료,2026-05-11 14:02:00,대리점
4100000316,2026-06-30 18:42:00,41,울산지점,C76F16F4A,고성현,한아연,010-3640-1323,서울,마포구 서교동,일반,의류·패션,가방,1.5,34,33,22,4.1,4.1,중형,6000.0,2026-07-01,배송완료,2026-07-01 17:34:00,편의점접수
4100000468,2026-07-08 11:29:00,41,울산지점,C713DB183,김우진,신규원,010-4527-3271,경기,부천시 원미구,일반,전자·디지털,모니터,2.9,22,24,21,1.8,2.9,소형,4000.0,2026-07-09,배송완료,2026-07-09 13:36:00,인터넷접수
4100000540,2026-05-11 16:07:00,41,울산지점,C6488CB8E,김현율,김주현,010-5566-3023,경기,고양시 일산동구,일반,도서·문구,책,13.1,23,22,28,2.4,13.1,중형,6000.0,2026-05-12,배송완료,2026-05-14 17:01:00,편의점접수
4100000582,2026-06-22 13:12:00,41,울산지점,C257711D3,허진영,이예경,010-9380-1706,경기,화성시 동탄,일반,도서·문구,노트,11.2,33,29,28,4.5,11.2,중형,6000.0,2026-06-23,배송완료,2026-06-23 11:55:00,편의점접수
4100000640,2026-07-16 18:34:00,41,울산지점,CD50D6F9F,문도환,박아숙,010-6780-7504,경기,성남시 분당구,일반,생활용품,주방용품,5.2,45,31,28,6.5,6.5,중형,6000.0,2026-07-17,배송완료,2026-07-17 14:08:00,편의점접수
4100000873,2026-05-07 13:39:00,41,울산지점,CA22D79E7,이은연,최유빈,010-8116-4456,제주,제주시 연동,제주,생활용품,주방용품,5.9,37,31,24,4.6,5.9,중형,9000.0,2026-05-11,배송완료,2026-05-13 13:15:00,방문접수
4100000920,2026-06-12 10:27:00,41,울산지점,CF59BBD05,김호우,강성경,010-4760-5499,제주,제주시 연동,제주,식품,쌀,5.8,29,28,25,3.4,5.8,중형,9000.0,2026-06-16,배송완료,2026-06-16 13:33:00,대리점
4100000957,2026-06-18 15:11:00,41,울산지점,C38C4924B,박민자,박호경,010-3290-3836,경남,창원시 성산구,일반,생활용품,빨래건조대,7.0,40,33,17,3.7,7.0,중형,6000.0,2026-06-19,배송완료,2026-06-19 16:20:00,인터넷접수
4100001037,2026-07-02 15:37:00,41,울산지점,CCB11924B,김은원,김윤란,010-5024-4431,제주,제주시 노형동,제주,의류·패션,원피스,1.9,45,31,23,5.3,5.3,중형,9000.0,2026-07-06,반품,,방문접수
4100001048,2026-05-25 17:53:00,41,울산지점,C907B0685,김규연,남우서,010-7331-3213,경기,수원시 영통구,일반,의류·패션,가방,1.0,35,35,13,2.7,2.7,중형,6000.0,2026-05-26,배송완료,2026-05-27 12:50:00,편의점접수
4100001073,2026-06-29 14:54:00,41,울산지점,C7CA2678F,김하연,류은현,010-5138-7147,경기,부천시 원미구,일반,전자·디지털,태블릿케이스,5.6,39,21,13,1.8,5.6,중형,6000.0,2026-06-30,배송완료,2026-06-30 14:44:00,편의점접수
4100001081,2026-05-11 15:23:00,41,울산지점,C0F85F6F5,이서식,황연원,010-7969-1201,부산,부산진구 부전동,일반,도서·문구,필기구세트,13.2,27,21,12,1.1,13.2,중형,6000.0,2026-05-12,배송완료,2026-05-12 09:22:00,방문접수
4100001130,2026-07-28 11:45:00,41,울산지점,CFFDB980C,한아자,이현연,010-5185-8427,전북,익산시 영등동,일반,도서·문구,문제집,5.9,25,21,12,1.1,5.9,중형,6000.0,2026-07-29,배송완료,2026-07-29 20:16:00,인터넷접수
4100001274,2026-07-06 09:03:00,41,울산지점,C81BC35D7,김우환,유준연,010-6402-1077,경기,성남시 분당구,일반,의류·패션,가방,1.7,37,26,29,4.6,4.6,중형,6000.0,2026-07-07,배송완료,2026-07-09 15:36:00,인터넷접수
4100001508,2026-07-09 12:58:00,41,울산지점,C7F7B293D,송도빈,김시연,010-3951-3255,제주,제주시 노형동,제주,생활용품,청소기필터,4.1,43,40,21,6.0,6.0,중형,9000.0,2026-07-13,배송완료,2026-07-13 11:30:00,편의점접수
4100001561,2026-07-24 16:32:00,41,울산지점,C995150A2,김아우,이수영,010-4236-7840,경남,양산시 물금읍,일반,생활용품,빨래건조대,5.6,41,39,19,5.1,5.6,중형,6000.0,2026-07-27,배송완료,2026-07-27 13:58:00,편의점접수
4100001615,2026-06-24 18:48:00,41,울산지점,C7B38FAC5,이준준,박채란,010-5801-3362,서울,강남구 역삼동,일반,식품,된장,4.0,25,29,28,3.4,4.0,중형,6000.0,2026-06-25,배송완료,2026-06-26 19:19:00,인터넷접수
4100001656,2026-05-25 17:06:00,41,울산지점,C5972ABFE,문정연,이태영,010-2422-8428,경기,고양시 일산동구,일반,생활용품,수납함,6.2,34,37,14,2.9,6.2,중형,6000.0,2026-05-26,배송완료,2026-05-28 16:27:00,방문접수
4100001668,2026-07-26 16:05:00,41,울산지점,C2737A4C4,오현빈,조진식,010-9643-8446,서울,송파구 잠실동,일반,화장품·미용,헤어드라이어,0.5,23,15,19,1.1,1.1,극소형,3500.0,2026-07-27,배송완료,2026-07-27 19:16:00,대리점
4100001749,2026-06-29 19:51:00,41,울산지점,C612BFB78,박규경,장채준,010-9080-7630,경기,화성시 동탄,일반,전자·디지털,충전기,4.6,21,21,18,1.3,4.6,소형,4000.0,2026-06-30,배송완료,2026-06-30 12:49:00,인터넷접수
4100001774,2026-05-18 17:28:00,41,울산지점,CBEFC1856,전주경,강수현,010-2786-9329,서울,용산구 후암동,일반,생활용품,청소기필터,1.5,44,25,17,3.1,3.1,중형,6000.0,2026-05-19,배송완료,2026-05-19 19:53:00,대리점
4100001804,2026-07-06 17:45:00,41,울산지점,C96AAE470,윤아경,윤연호,010-5410-1855,경기,남양주시 다산동,일반,생활용품,수납함,7.9,50,23,23,4.4,7.9,중형,6000.0,2026-07-07,배송완료,2026-07-07 19:40:00,인터넷접수
4100001870,2026-07-30 17:45:00,41,울산지점,C591B06F2,김호자,강아서,010-5093-4682,울산,북구 명촌동,일반,화장품·미용,향수,1.4,23,16,8,0.5,1.4,극소형,3500.0,2026-07-31,배송완료,2026-07-31 20:35:00,방문접수
4100001912,2026-08-03 10:55:00,41,울산지점,CB6CD848C,이윤진,백하준,010-6838-1322,서울,용산구 후암동,일반,화장품·미용,향수,0.7,23,17,24,1.6,1.6,소형,4000.0,2026-08-04,배송완료,2026-08-04 11:35:00,인터넷접수
4100002059,2026-05-24 11:08:00,41,울산지점,CFDE1F0DE,안주원,류하호,010-7885-4030,서울,용산구 원효로1가,일반,식품,쌀,10.5,32,24,24,3.1,10.5,중형,6000.0,2026-05-25,배송완료,2026-05-25 19:36:00,인터넷접수
4100002085,2026-06-15 15:41:00,41,울산지점,CB1E1B3B3,신도철,정윤란,010-2856-7482,도서산간,추자도 대서리,도서산간,식품,과일선물세트,1.4,24,22,26,2.3,2.3,소형,9000.0,2026-06-18,배송완료,2026-06-19 13:50:00,인터넷접수
4100002133,2026-06-10 16:32:00,41,울산지점,CC64B3DCE,이정서,이채호,010-8485-5045,제주,제주시 연동,제주,생활용품,수납함,1.8,47,25,28,5.5,5.5,중형,9000.0,2026-06-12,배송완료,2026-06-12 17:11:00,편의점접수
4100002134,2026-06-16 11:35:00,41,울산지점,C2AB7A0E7,이영연,윤도미,010-9325-5801,제주,제주시 연동,제주,의류·패션,코트,0.4,37,34,21,4.4,4.4,중형,9000.0,2026-06-18,배송완료,2026-06-19 18:01:00,편의점접수
4100002142,2026-06-05 13:55:00,41,울산지점,C341018F7,김진아,김하경,010-2235-3895,제주,제주시 노형동,제주,의류·패션,코트,1.7,47,22,17,2.9,2.9,중형,9000.0,2026-06-09,반품,,인터넷접수
4100002209,2026-06-01 17:58:00,41,울산지점,C3E9F0BA3,정정란,송은미,010-5424-8917,충남,천안시 서북구,일반,의류·패션,원피스,1.7,40,40,29,7.7,7.7,중형,6000.0,2026-06-02,배송완료,2026-06-02 19:16:00,인터넷접수
4100002244,2026-06-11 15:41:00,41,울산지점,C39C535B9,강현빈,류태희,010-2112-1394,대전,대덕구 송촌동,일반,생활용품,청소기필터,7.9,50,23,26,5.0,7.9,중형,6000.0,2026-06-12,배송완료,2026-06-12 09:33:00,편의점접수
4100002302,2026-07-22 18:40:00,41,울산지점,C1C7F6128,권연란,김지식,010-3639-8001,경기,성남시 분당구,일반,가구·침구,베개,2.8,55,36,50,16.5,16.5,대형,9000.0,2026-07-23,배송완료,2026-07-23 10:23:00,방문접수
4100002315,2026-05-26 15:04:00,41,울산지점,CC1633F04,강규진,조윤식,010-2593-8599,경남,진주시 초전동,일반,반려동물,사료,8.8,20,30,11,1.1,8.8,중형,6000.0,2026-05-27,배송완료,2026-05-27 16:40:00,인터넷접수
4100002624,2026-05-05 16:43:00,41,울산지점,C2CF0FDCA,김수빈,김유진,010-7070-5985,대전,서구 둔산동,일반,의류·패션,코트,0.5,45,42,19,6.0,6.0,중형,6000.0,2026-05-06,배송완료,2026-05-08 18:49:00,편의점접수
4100002691,2026-05-12 16:20:00,41,울산지점,CC6D81BD7,이호빈,이성철,010-9238-7048,대전,동구 가양동,일반,식품,된장,4.8,20,17,15,0.8,4.8,소형,4000.0,2026-05-13,배송완료,2026-05-14 13:13:00,편의점접수
4100002694,2026-05-27 10:41:00,41,울산지점,C6CA31024,서승영,김도숙,010-3671-5038,울산,울주군 범서읍,일반,가구·침구,쿠션,5.8,60,36,42,15.1,15.1,대형,9000.0,2026-05-28,배송완료,2026-05-28 14:28:00,편의점접수
4100002719,2026-07-14 15:08:00,41,울산지점,CD3F8F0B7,윤아아,최호호,010-6611-1424,서울,송파구 잠실동,일반,생활용품,청소기필터,6.3,37,42,16,4.1,6.3,중형,6000.0,2026-07-15,배송완료,2026-07-15 11:18:00,인터넷접수
4100002760,2026-06-08 11:55:00,41,울산지점,C3A5DFC1F,박채준,김아환,010-9749-5976,광주,북구 운암동,일반,의류·패션,티셔츠,1.3,38,40,27,6.8,6.8,중형,6000.0,2026-06-09,배송완료,2026-06-11 20:33:00,인터넷접수
4100002828,2026-05-06 15:43:00,41,울산지점,C0098BE95,신하현,강예란,010-9551-7656,경남,진주시 충무공동,일반,가구·침구,러그,2.3,59,46,37,16.7,16.7,대형,9000.0,2026-05-07,배송완료,2026-05-07 19:49:00,인터넷접수
4100002946,2026-07-27 11:36:00,41,울산지점,C268C8CBD,김주연,박승식,010-3893-8305,부산,동래구 온천동,일반,생활용품,수납함,4.7,46,39,31,9.3,9.3,중형,6000.0,2026-07-28,반품,,편의점접수
